surival,pclass,sex,age,sibsp,parch,fare,embarked,class,who,adult_male,embark_town,alive,alone,age_group,Family_size,family_size
0,3,male,-0.5691640681164485,1,0,-0.5280326650334237,S,Third,man,True,Southampton,no,False,Youth,small,1
1,1,female,0.5987112701367212,1,0,0.6979560284475276,C,First,woman,False,Cherbourg,yes,False,Middle,small,1
1,3,female,-0.27719523355315595,0,0,-0.5151090398555921,S,Third,woman,False,Southampton,yes,True,Youth,small,0
1,1,female,0.37973464421425174,1,0,0.34981654149039465,S,First,woman,False,Southampton,yes,False,Middle,small,1
0,3,male,0.37973464421425174,0,0,-0.5127157759337715,S,Third,man,True,Southampton,no,True,Middle,small,0
0,3,male,-0.0071884664720878915,0,0,-0.5048984186595366,Q,Third,man,True,Queenstown,no,True,Youth,small,0
0,1,male,1.766586608389891,0,0,0.3261232286643701,S,First,man,True,Southampton,no,True,Old,small,0
0,3,male,-2.0290082409329098,3,1,-0.2633376752800587,S,Third,child,False,Southampton,no,False,kids,small,4
1,3,female,-0.20420302491233291,0,2,-0.45368257073257434,S,Third,woman,False,Southampton,yes,False,Youth,small,2
1,2,female,-1.153101737243033,1,0,-0.09110308657674429,C,Second,child,False,Cherbourg,yes,False,Child,small,1
1,3,female,-1.883023823651264,1,1,-0.3471019125437818,S,Third,child,False,Southampton,yes,False,kids,small,2
1,1,female,2.0585554429531836,0,0,-0.1585127155043137,S,First,woman,False,Southampton,yes,True,Old,small,0
0,3,male,-0.7151484853980944,0,0,-0.5127157759337715,S,Third,man,True,Southampton,no,True,Youth,small,0
0,3,male,0.6717034787775442,1,5,-0.06804733925949275,S,Third,man,True,Southampton,no,False,Middle,small,6
0,3,female,-1.153101737243033,0,0,-0.5164645845409114,S,Third,child,False,Southampton,no,True,Child,small,0
1,2,female,1.8395788170307141,0,0,-0.36050419050597743,S,Second,woman,False,Southampton,yes,True,Old,small,0
0,3,male,-2.0290082409329098,4,1,-0.10921147871480806,Q,Third,child,False,Queenstown,no,False,kids,small,5
1,2,male,-0.0071884664720878915,0,0,-0.41794252462967335,S,Second,man,True,Southampton,yes,True,Youth,small,0
0,3,female,0.08776580965095956,1,0,-0.3222119677568469,S,Third,woman,False,Southampton,no,False,Middle,small,1
1,3,female,-0.0071884664720878915,0,0,-0.5285113178177879,C,Third,woman,False,Cherbourg,yes,True,Youth,small,0
0,2,male,0.37973464421425174,0,0,-0.1690430767603246,S,Second,man,True,Southampton,no,True,Middle,small,0
1,2,male,0.3067424355734287,0,0,-0.41794252462967335,S,Second,man,True,Southampton,yes,True,Middle,small,0
1,3,female,-1.0801095286022098,0,0,-0.5131140150503625,Q,Third,child,False,Queenstown,yes,True,Child,small,0
1,1,male,-0.13121081627150988,0,0,0.012844981298045685,S,First,man,True,Southampton,yes,True,Youth,small,0
0,3,female,-1.5910549890879713,3,1,-0.2633376752800587,S,Third,child,False,Southampton,no,False,kids,small,4
1,3,female,0.5987112701367212,1,5,-0.06589340172985411,S,Third,woman,False,Southampton,yes,False,Middle,small,6
0,3,male,-0.0071884664720878915,0,0,-0.5285113178177879,C,Third,man,True,Cherbourg,no,True,Youth,small,0
0,1,male,-0.7881406940389174,3,2,4.3685853190116495,S,First,man,True,Southampton,no,False,Youth,small,5
1,3,female,-0.0071884664720878915,0,0,-0.5159859317565473,Q,Third,woman,False,Queenstown,yes,True,Youth,small,0
0,3,male,-0.0071884664720878915,0,0,-0.5156681063077294,S,Third,man,True,Southampton,no,True,Youth,small,0
0,1,male,0.7446956874183672,0,0,-0.13609644830697265,C,First,man,True,Cherbourg,no,True,Middle,small,0
1,1,female,-0.0071884664720878915,1,0,2.138461582991384,C,First,woman,False,Cherbourg,yes,False,Youth,small,1
1,3,female,-0.0071884664720878915,0,0,-0.5184596093461411,Q,Third,woman,False,Queenstown,yes,True,Youth,small,0
0,2,male,2.642493112079768,0,0,-0.46580780306608655,S,Second,man,True,Southampton,no,True,Old,small,0
0,1,male,-0.13121081627150988,1,0,0.9064093160381074,C,First,man,True,Cherbourg,no,False,Youth,small,1
0,1,male,0.8906801047000137,1,0,0.3287558189783729,S,First,man,True,Southampton,no,False,Middle,small,1
1,3,male,-0.0071884664720878915,0,0,-0.5284309041500147,C,Third,man,True,Cherbourg,yes,True,Youth,small,0
0,3,male,-0.6421562767572715,0,0,-0.5127157759337715,S,Third,man,True,Southampton,no,True,Youth,small,0
0,3,female,-0.8611329026797405,2,0,-0.3222119677568469,S,Third,woman,False,Southampton,no,False,Child,small,2
1,3,female,-1.153101737243033,1,0,-0.4516071322595715,C,Third,child,False,Cherbourg,yes,False,Child,small,1
0,3,female,0.7446956874183672,1,0,-0.48543256722501593,S,Third,woman,False,Southampton,no,False,Middle,small,1
0,2,female,-0.20420302491233291,1,0,-0.26477363363315104,S,Second,woman,False,Southampton,no,False,Youth,small,1
0,3,male,-0.0071884664720878915,0,0,-0.5156681063077294,C,Third,man,True,Cherbourg,no,True,Youth,small,0
1,2,female,-1.956016032292087,1,2,0.12923802156630293,C,Second,child,False,Cherbourg,yes,False,kids,small,3
1,3,female,-0.7881406940389174,0,0,-0.5159859317565473,Q,Third,woman,False,Queenstown,yes,True,Youth,small,0
0,3,male,-0.0071884664720878915,0,0,-0.5127157759337715,S,Third,man,True,Southampton,no,True,Youth,small,0
0,3,male,-0.0071884664720878915,1,0,-0.37007724619326016,Q,Third,man,True,Queenstown,no,False,Youth,small,1
0,3,male,-0.0071884664720878915,2,0,-0.25176959478754624,C,Third,man,True,Cherbourg,no,False,Youth,small,2
0,3,female,-0.8611329026797405,1,0,-0.32604119003175996,S,Third,woman,False,Southampton,no,False,Child,small,1
0,3,male,-1.6640471977287945,4,1,0.09301932267903773,S,Third,child,False,Southampton,no,False,kids,small,5
0,3,male,-0.6421562767572715,0,0,-0.5175023037774128,S,Third,man,True,Southampton,no,True,Youth,small,0
1,1,female,1.4016255651857754,1,0,0.8022238363822727,C,First,woman,False,Cherbourg,yes,False,Middle,small,1
1,2,female,-0.058218607630686516,1,0,-0.1690430767603246,S,Second,woman,False,Southampton,yes,False,Youth,small,1
0,1,male,2.569500903438945,0,1,0.5198186936074348,C,First,man,True,Cherbourg,no,False,Old,small,1
1,1,male,-0.0071884664720878915,0,0,0.012844981298045685,S,First,man,True,Southampton,yes,True,Youth,small,0
1,2,female,-0.6421562767572715,0,0,-0.46580780306608655,S,Second,woman,False,Southampton,yes,True,Youth,small,0
0,3,male,-0.0947147119510982,0,0,-0.5284309041500147,C,Third,man,True,Cherbourg,no,True,Youth,small,0
1,2,female,-1.8100316150104407,1,2,-0.13553738185483533,S,Second,child,False,Southampton,yes,False,kids,small,3
0,3,male,-1.3720783631655022,5,2,0.23111065096808991,S,Third,child,False,Southampton,no,False,Child,medium,7
0,3,male,-0.5691640681164485,0,0,-0.5284309041500147,C,Third,man,True,Cherbourg,no,True,Youth,small,0
1,1,female,0.5987112701367212,0,0,0.8648469374662008,S,First,woman,False,Southampton,yes,True,Middle,small,0
0,1,male,1.1096567306224832,1,0,0.9313796744928151,S,First,man,True,Southampton,no,False,Middle,small,1
0,3,male,-1.883023823651264,3,2,-0.13266546514865057,S,Third,child,False,Southampton,no,False,kids,small,5
0,1,male,-0.0071884664720878915,0,0,-0.13609644830697265,C,First,man,True,Cherbourg,no,True,Youth,small,0
1,3,male,-0.0071884664720878915,1,1,-0.37494418770467464,C,Third,man,True,Cherbourg,yes,False,Youth,small,2
1,2,female,-0.058218607630686516,0,0,-0.46580780306608655,S,Second,woman,False,Southampton,yes,True,Youth,small,0
0,3,male,-0.7881406940389174,0,0,-0.510642252071906,S,Third,man,True,Southampton,no,True,Youth,small,0
1,3,female,-0.9341251113205636,4,2,-0.5151090398555921,S,Third,woman,False,Southampton,yes,False,Child,small,6
0,3,male,-0.27719523355315595,2,0,-0.5009887827168503,S,Third,man,True,Southampton,no,False,Youth,small,2
0,2,male,0.1607580182917826,0,0,-0.46580780306608655,S,Second,man,True,Southampton,no,True,Middle,small,0
0,3,female,-1.0071173199613868,5,2,0.23111065096808991,S,Third,woman,False,Southampton,no,False,Child,medium,7
0,2,male,-0.6421562767572715,0,0,0.7403972135315265,S,Second,man,True,Southampton,no,True,Youth,small,0
0,3,male,-0.27719523355315595,1,0,-0.39010024946878047,C,Third,man,True,Cherbourg,no,False,Youth,small,1
1,3,male,0.1607580182917826,0,0,0.4148329064961435,S,Third,man,True,Southampton,yes,True,Middle,small,0
0,3,male,-0.350187442193979,0,0,-0.5203742204835976,S,Third,man,True,Southampton,no,True,Youth,small,0
1,2,male,-2.114409125042673,0,2,-0.11160474263662873,S,Second,child,False,Southampton,yes,False,kids,small,2
1,3,female,0.014773601010136526,0,0,-0.4279942331013202,S,Third,woman,False,Southampton,yes,True,Youth,small,0
0,3,male,-0.5691640681164485,0,0,-0.49452697012793445,S,Third,man,True,Southampton,no,True,Youth,small,0
1,3,male,-0.058218607630686516,0,0,-0.4849539144406519,S,Third,man,True,Southampton,yes,True,Youth,small,0
1,3,female,-0.0071884664720878915,0,0,-0.517741630169595,Q,Third,woman,False,Queenstown,yes,True,Youth,small,0
0,1,male,-0.13121081627150988,0,0,0.23493987324300297,S,First,man,True,Southampton,no,True,Youth,small,0
1,2,female,-0.9341251113205636,0,0,-0.46580780306608655,S,Second,woman,False,Southampton,yes,True,Child,small,0
1,3,female,0.23375022693260566,3,0,-0.3633761072121623,S,Third,woman,False,Southampton,yes,False,Middle,small,3
0,3,male,-1.0071173199613868,1,3,-0.008694393998340301,S,Third,man,True,Southampton,no,False,Child,small,4
1,1,female,-0.4961718594756251,3,2,4.3685853190116495,S,First,woman,False,Southampton,yes,False,Youth,small,5
0,3,male,-0.4231796508348021,0,0,-0.5127157759337715,S,Third,man,True,Southampton,no,True,Youth,small,0
0,3,male,-0.058218607630686516,0,0,-0.5127157759337715,S,Third,man,True,Southampton,no,True,Youth,small,0
0,3,male,-0.7151484853980944,0,0,-0.5164645845409114,S,Third,man,True,Southampton,no,True,Youth,small,0
0,1,male,1.1826489392633066,1,0,0.5044213908400094,S,First,man,True,Southampton,no,False,Middle,small,1
0,3,male,-0.27719523355315595,1,2,-0.2729107309673413,S,Third,man,True,Southampton,no,False,Youth,small,3
0,3,male,2.131547651594006,0,0,-0.5280326650334237,S,Third,man,True,Southampton,no,True,Old,small,0
0,1,male,3.0074541552838836,0,0,-0.0033487997025616837,C,First,man,True,Cherbourg,no,True,Old,small,0
1,1,male,-0.4961718594756251,0,1,0.5462230958040978,C,First,man,True,Cherbourg,yes,False,Youth,small,1
1,2,female,0.3067424355734287,0,1,-0.22648141088402043,S,Second,woman,False,Southampton,yes,False,Middle,small,1
0,2,male,0.3067424355734287,1,0,-0.1690430767603246,S,Second,man,True,Southampton,no,False,Middle,small,1
0,3,female,-0.13121081627150988,0,0,-0.5156681063077294,S,Third,woman,False,Southampton,no,True,Youth,small,0
0,1,male,-0.6421562767572715,0,1,0.8129131103626924,S,First,man,True,Southampton,no,False,Youth,small,1
0,3,male,0.23375022693260566,0,0,-0.5011476954412591,S,Third,man,True,Southampton,no,True,Middle,small,0
0,3,male,0.5257190614958982,2,0,-0.5151090398555921,S,Third,man,True,Southampton,no,False,Middle,small,2
0,3,male,-0.13121081627150988,0,0,-0.5156681063077294,S,Third,man,True,Southampton,no,True,Youth,small,0
1,3,female,-0.6421562767572715,0,0,-0.5203742204835976,S,Third,woman,False,Southampton,yes,True,Youth,small,0
1,3,male,-0.0071884664720878915,0,0,-0.517980956561777,S,Third,man,True,Southampton,yes,True,Youth,small,0
0,3,male,0.5987112701367212,0,0,-0.5156681063077294,S,Third,man,True,Southampton,no,True,Middle,small,0
1,3,female,-0.0071884664720878915,1,0,-0.20446338280327045,Q,Third,woman,False,Queenstown,yes,False,Youth,small,1
0,1,male,1.2556411479041292,0,0,0.3287558189783729,S,First,man,True,Southampton,no,True,Middle,small,0
0,3,female,-1.1166056329226213,1,0,-0.39010024946878047,C,Third,child,False,Cherbourg,no,False,Child,small,1
0,3,male,-0.5691640681164485,0,0,-0.5127157759337715,S,Third,man,True,Southampton,no,True,Youth,small,0
0,3,female,-0.7151484853980944,1,0,-0.4787314282439181,S,Third,woman,False,Southampton,no,False,Youth,small,1
0,3,female,-0.9341251113205636,0,0,-0.3900217504121448,C,Third,woman,False,Cherbourg,no,True,Child,small,0
0,3,male,-0.6421562767572715,0,0,-0.5151090398555921,S,Third,man,True,Southampton,no,True,Youth,small,0
0,3,male,2.9709580509634717,0,0,-0.5184596093461411,Q,Third,man,True,Queenstown,no,True,Old,small,0
0,2,male,-0.058218607630686516,1,0,-0.26477363363315104,S,Second,man,True,Southampton,no,False,Youth,small,1
0,1,male,-0.4231796508348021,0,1,4.072218831822478,C,First,man,True,Cherbourg,no,False,Youth,small,1
0,3,female,-2.0290082409329098,4,2,-0.06804733925949275,S,Third,child,False,Southampton,no,False,kids,small,6
0,2,male,-0.6421562767572715,2,0,0.7403972135315265,S,Second,man,True,Southampton,no,False,Youth,small,2
0,2,male,0.1972541226121943,1,0,-0.09110308657674429,C,Second,man,True,Cherbourg,no,False,Middle,small,1
1,2,female,0.1972541226121943,0,0,-0.41794252462967335,S,Second,woman,False,Southampton,yes,True,Middle,small,0
0,1,male,1.766586608389891,0,1,0.8129131103626924,S,First,man,True,Southampton,no,False,Old,small,1
1,3,male,-1.299086154524679,1,0,-0.4516071322595715,C,Third,child,False,Cherbourg,yes,False,Child,small,1
0,3,male,-0.0071884664720878915,0,0,-0.5184596093461411,Q,Third,man,True,Queenstown,no,True,Youth,small,0
1,3,male,-0.4231796508348021,0,0,-0.5301061888952892,S,Third,man,True,Southampton,yes,True,Youth,small,0
1,3,female,-0.0071884664720878915,1,1,-0.23876747055307898,C,Third,woman,False,Cherbourg,yes,False,Youth,small,2
0,3,male,1.1096567306224832,0,0,-0.5332978456614292,S,Third,man,True,Southampton,no,True,Middle,small,0
0,3,male,0.23375022693260566,0,0,-0.5156681063077294,C,Third,man,True,Cherbourg,no,True,Middle,small,0
0,3,male,-0.7151484853980944,0,0,-0.5318618873083367,S,Third,man,True,Southampton,no,True,Youth,small,0
0,3,female,1.2556411479041292,1,0,-0.3892233575678254,S,Third,woman,False,Southampton,no,False,Middle,small,1
0,2,male,-0.350187442193979,0,0,-0.41794252462967335,S,Second,man,True,Southampton,no,True,Youth,small,0
0,2,male,-0.4961718594756251,0,0,-0.3787734099795877,C,Second,man,True,Cherbourg,no,True,Youth,small,0
1,1,female,-0.7881406940389174,0,2,-0.16361898340791028,S,First,woman,False,Southampton,yes,False,Youth,small,2
0,1,male,0.5257190614958982,1,0,0.34981654149039465,S,First,man,True,Southampton,no,False,Middle,small,1
0,3,male,-1.0071173199613868,0,0,-0.49037800779306623,S,Third,man,True,Southampton,no,True,Child,small,0
0,1,male,-0.4231796508348021,0,0,0.8495300483665488,C,First,man,True,Cherbourg,no,True,Youth,small,0
0,3,female,-0.0071884664720878915,0,2,-0.37494418770467464,C,Third,woman,False,Cherbourg,no,False,Youth,small,2
1,3,female,-0.5691640681164485,0,0,-0.5184596093461411,S,Third,woman,False,Southampton,yes,True,Youth,small,0
1,3,female,-0.4231796508348021,1,0,-0.3633761072121623,S,Third,woman,False,Southampton,yes,False,Youth,small,1
0,3,male,-0.7881406940389174,0,0,-0.5376057207207064,Q,Third,man,True,Queenstown,no,True,Youth,small,0
0,2,male,-0.8611329026797405,0,0,-0.44666169169152126,S,Second,man,True,Southampton,no,True,Child,small,0
0,2,male,-0.7881406940389174,1,1,0.03677762051625222,S,Second,man,True,Southampton,no,False,Youth,small,2
1,3,male,-0.20420302491233291,0,0,-0.517582717445186,S,Third,man,True,Southampton,yes,True,Youth,small,0
0,3,female,-1.5180627804471483,2,2,-0.008694393998340301,S,Third,child,False,Southampton,no,False,kids,small,4
0,2,male,0.4892229571754865,0,2,-0.1690430767603246,S,Second,man,True,Southampton,no,False,Middle,small,2
0,2,male,0.8906801047000137,0,0,-0.41794252462967335,S,Second,man,True,Southampton,no,True,Middle,small,0
0,2,male,1.5476099824674214,0,0,-0.42703692753259187,S,Second,man,True,Southampton,no,True,Old,small,0
1,1,female,-0.5691640681164485,1,0,0.6082890450470259,S,First,woman,False,Southampton,yes,False,Youth,small,1
0,3,male,1.8760749213511259,0,0,-0.5127157759337715,S,Third,man,True,Southampton,no,True,Old,small,0
0,3,male,0.7811917917387793,0,2,-0.3892233575678254,S,Third,man,True,Southampton,no,False,Middle,small,2
0,3,male,-0.0071884664720878915,0,0,-0.5268360330725135,S,Third,man,True,Southampton,no,True,Youth,small,0
0,1,male,1.5476099824674214,0,1,0.5083310267826956,C,First,man,True,Cherbourg,no,False,Old,small,1
1,3,female,-1.0071173199613868,0,0,-0.5187793494060964,Q,Third,woman,False,Queenstown,yes,True,Child,small,0
0,3,male,0.014773601010136526,0,0,-0.5127157759337715,S,Third,man,True,Southampton,no,True,Youth,small,0
0,3,male,-0.0071884664720878915,0,0,-0.5009887827168503,S,Third,man,True,Southampton,no,True,Youth,small,0
0,3,male,-0.0071884664720878915,8,2,0.6647700736019937,S,Third,man,True,Southampton,no,False,Youth,Large,10
0,3,male,1.0366645219816597,0,1,-0.3585895793685209,S,Third,man,True,Southampton,no,False,Middle,small,1
1,2,female,0.7446956874183672,0,0,-0.3652907183496188,S,Second,woman,False,Southampton,yes,True,Middle,small,0
0,3,male,-0.27719523355315595,0,0,-0.517980956561777,S,Third,man,True,Southampton,no,True,Youth,small,0
0,3,male,-0.9341251113205636,0,0,-0.5009887827168503,S,Third,man,True,Southampton,no,True,Child,small,0
0,3,male,-2.102000449573733,4,1,0.09301932267903773,S,Third,child,False,Southampton,no,False,kids,small,5
1,3,male,-1.5180627804471483,0,2,-0.27386803653606956,S,Third,child,False,Southampton,yes,False,kids,small,2
1,1,female,-0.0071884664720878915,0,1,0.38619415310206867,S,First,woman,False,Southampton,yes,False,Youth,small,1
0,3,female,1.1096567306224832,1,4,-0.13266546514865057,S,Third,woman,False,Southampton,no,False,Middle,small,5
0,1,male,-0.0071884664720878915,0,0,-0.17047903511341697,S,First,man,True,Southampton,no,True,Youth,small,0
0,3,male,-0.13121081627150988,0,0,0.4148329064961435,S,Third,man,True,Southampton,no,True,Youth,small,0
0,1,male,2.2775320688756526,0,0,-0.025447241451084925,S,First,man,True,Southampton,no,True,Old,small,0
0,3,male,-1.883023823651264,4,1,-0.10921147871480806,Q,Third,child,False,Queenstown,no,False,kids,small,5
1,3,female,-2.102000449573733,1,1,-0.45368257073257434,S,Third,child,False,Southampton,yes,False,kids,small,2
0,1,male,1.912571025671537,0,0,-0.07913676696764095,C,First,man,True,Cherbourg,no,True,Old,small,0
0,3,male,-0.8611329026797405,1,1,-0.5164645845409114,S,Third,man,True,Southampton,no,False,Child,small,2
0,3,male,-0.0071884664720878915,3,1,-0.17925369795638024,S,Third,man,True,Southampton,no,False,Youth,small,4
0,1,female,1.4746177738265986,0,0,-0.11710924965681628,C,First,woman,False,Cherbourg,no,True,Middle,small,0
0,2,male,0.014773601010136526,0,0,-0.41794252462967335,S,Second,man,True,Southampton,no,True,Youth,small,0
0,3,male,0.4527268528550751,0,0,-0.6668419724990221,S,Third,man,True,Southampton,no,True,Middle,small,0
0,3,female,-0.0071884664720878915,8,2,0.6647700736019937,S,Third,woman,False,Southampton,no,False,Youth,Large,10
0,2,male,-0.0071884664720878915,0,0,-0.37869299631181447,C,Second,man,True,Cherbourg,no,True,Youth,small,0
0,3,male,-1.5180627804471483,4,2,-0.06589340172985411,S,Third,child,False,Southampton,no,False,kids,small,6
1,2,male,-2.102000449573733,2,1,0.07985637110902419,S,Second,child,False,Southampton,yes,False,kids,small,3
1,3,female,-1.883023823651264,0,2,-0.24514886947422165,S,Third,child,False,Southampton,yes,False,kids,small,2
0,1,male,-0.0071884664720878915,0,0,0.2904635962292423,S,First,man,True,Southampton,no,True,Youth,small,0
1,3,female,-0.0071884664720878915,1,0,-0.37007724619326016,Q,Third,woman,False,Queenstown,yes,False,Youth,small,1
1,1,male,1.1096567306224832,0,0,-0.1585127155043137,S,First,man,True,Southampton,yes,True,Middle,small,0
0,3,male,0.7446956874183672,1,1,-0.37007724619326016,Q,Third,man,True,Queenstown,no,False,Middle,small,2
0,3,male,0.4527268528550751,0,0,-0.5156681063077294,S,Third,man,True,Southampton,no,True,Middle,small,0
1,2,female,0.1607580182917826,0,0,-0.41794252462967335,S,Second,woman,False,Southampton,yes,True,Middle,small,0
0,2,male,-0.7881406940389174,0,0,-0.41794252462967335,S,Second,man,True,Southampton,no,True,Youth,small,0
1,3,female,-0.7881406940389174,1,0,-0.5164645845409114,S,Third,woman,False,Southampton,yes,False,Youth,small,1
1,2,male,-1.956016032292087,1,1,-0.1690430767603246,S,Second,child,False,Southampton,yes,False,kids,small,2
1,1,female,1.0366645219816597,0,0,-0.13609644830697265,C,First,woman,False,Cherbourg,yes,True,Middle,small,0
1,1,female,2.0585554429531836,0,0,2.138461582991384,C,First,woman,False,Cherbourg,yes,True,Old,small,0
0,3,male,0.8906801047000137,0,1,-0.5059342232849005,S,Third,man,True,Southampton,no,False,Middle,small,1
0,2,female,-0.4231796508348021,0,0,-0.41794252462967335,S,Second,woman,False,Southampton,no,True,Youth,small,0
0,3,male,-0.13121081627150988,0,0,-0.4849539144406519,S,Third,man,True,Southampton,no,True,Youth,small,0
0,3,male,0.3067424355734287,0,0,-0.5424726622321209,S,Third,man,True,Southampton,no,True,Middle,small,0
0,3,male,1.1461528349428949,0,0,-0.5285113178177879,C,Third,man,True,Cherbourg,no,True,Middle,small,0
1,3,male,-0.8611329026797405,0,0,-0.5127157759337715,S,Third,man,True,Southampton,yes,True,Child,small,0
0,3,female,-2.0290082409329098,0,1,-0.46652578224263275,S,Third,child,False,Southampton,no,False,kids,small,1
0,3,male,0.1607580182917826,1,0,-0.3633761072121623,S,Third,man,True,Southampton,no,False,Middle,small,1
1,3,male,-0.27719523355315595,0,0,-0.30713440504937667,C,Third,man,True,Cherbourg,yes,True,Youth,small,0
1,3,female,-1.0071173199613868,0,0,-0.5184596093461411,Q,Third,woman,False,Queenstown,yes,True,Child,small,0
1,1,male,0.7446956874183672,0,0,-0.07331251988749819,C,First,man,True,Cherbourg,yes,True,Middle,small,0
0,3,male,-0.4231796508348021,0,0,-0.5318618873083367,S,Third,man,True,Southampton,no,True,Youth,small,0
1,2,female,0.37973464421425174,0,0,-0.26477363363315104,S,Second,woman,False,Southampton,yes,True,Middle,small,0
0,3,male,-0.5691640681164485,0,0,-0.5280326650334237,S,Third,man,True,Southampton,no,True,Youth,small,0
0,3,male,-0.0071884664720878915,1,0,-0.5184596093461411,Q,Third,man,True,Queenstown,no,False,Youth,small,1
1,1,female,0.08776580965095956,1,0,1.5019337934548609,C,First,woman,False,Cherbourg,yes,False,Middle,small,1
1,3,female,-0.20420302491233291,0,0,-0.5151090398555921,S,Third,woman,False,Southampton,yes,True,Youth,small,0
0,2,male,0.8906801047000137,1,0,-0.14989696538575933,S,Second,man,True,Southampton,no,False,Middle,small,1
1,1,female,0.1607580182917826,0,0,0.7938474126559005,C,First,woman,False,Cherbourg,yes,True,Middle,small,0
0,2,male,0.014773601010136526,0,0,-0.46580780306608655,S,Second,man,True,Southampton,no,True,Youth,small,0
1,3,male,-1.0071173199613868,0,0,-0.5127157759337715,S,Third,man,True,Southampton,yes,True,Child,small,0
0,2,male,-0.20420302491233291,0,0,-0.41794252462967335,S,Second,man,True,Southampton,no,True,Youth,small,0
0,3,male,1.5476099824674214,0,0,-0.5127157759337715,S,Third,man,True,Southampton,no,True,Old,small,0
1,1,male,0.5987112701367212,1,0,1.056308051211854,S,First,man,True,Southampton,yes,False,Middle,small,1
0,3,male,-0.5691640681164485,0,0,-0.48782583114683664,S,Third,man,True,Southampton,no,True,Youth,small,0
1,2,male,-0.7881406940389174,0,0,-0.46580780306608655,S,Second,man,True,Southampton,yes,True,Youth,small,0
0,3,male,-0.6786523810776829,0,0,-0.5280326650334237,S,Third,man,True,Southampton,no,True,Youth,small,0
0,2,male,-0.8611329026797405,0,0,-0.41794252462967335,S,Second,man,True,Southampton,no,True,Child,small,0
0,3,female,-0.0071884664720878915,3,1,-0.17925369795638024,S,Third,woman,False,Southampton,no,False,Youth,small,4
1,1,female,0.37973464421425174,1,0,0.9313796744928151,S,First,woman,False,Southampton,yes,False,Middle,small,1
0,3,male,-0.058218607630686516,0,0,-0.517980956561777,S,Third,man,True,Southampton,no,True,Youth,small,0
0,2,male,2.131547651594006,0,0,-0.40836946894239073,S,Second,man,True,Southampton,no,True,Old,small,0
1,3,female,-1.8100316150104407,4,2,-0.06589340172985411,S,Third,child,False,Southampton,yes,False,kids,small,6
0,2,male,-0.4231796508348021,0,0,-0.46580780306608655,S,Second,man,True,Southampton,no,True,Youth,small,0
0,3,female,-0.0071884664720878915,0,0,-0.5222888316210542,S,Third,woman,False,Southampton,no,True,Youth,small,0
0,2,male,1.0366645219816597,1,0,-0.1690430767603246,S,Second,man,True,Southampton,no,False,Middle,small,1
1,2,female,-1.5910549890879713,0,2,-0.1642565489166833,S,Second,child,False,Southampton,yes,False,kids,small,2
0,2,male,-0.7881406940389174,0,0,-0.46580780306608655,S,Second,man,True,Southampton,no,True,Youth,small,0
0,2,male,0.23375022693260566,0,0,-0.4318234553762332,S,Second,man,True,Southampton,no,True,Middle,small,0
0,3,female,-0.0071884664720878915,1,0,-0.39010024946878047,C,Third,woman,False,Cherbourg,no,False,Youth,small,1
0,2,male,-0.058218607630686516,0,0,-0.46580780306608655,S,Second,man,True,Southampton,no,True,Youth,small,0
0,3,male,-0.5691640681164485,0,0,-0.5304259289552444,S,Third,man,True,Southampton,no,True,Youth,small,0
0,3,male,0.014773601010136526,0,0,-0.5285113178177879,C,Third,man,True,Cherbourg,no,True,Youth,small,0
0,1,male,1.0366645219816597,2,0,1.056308051211854,Q,First,man,True,Queenstown,no,False,Middle,small,2
0,3,female,-0.350187442193979,0,0,-0.517980956561777,S,Third,woman,False,Southampton,no,True,Youth,small,0
1,2,female,-0.4231796508348021,0,2,-0.3892233575678254,S,Second,woman,False,Southampton,yes,False,Youth,small,2
1,1,male,0.5257190614958982,1,1,0.33936659390215695,S,First,man,True,Southampton,yes,False,Middle,small,2
0,2,male,1.766586608389891,1,0,-0.1690430767603246,S,Second,man,True,Southampton,no,False,Old,small,1
0,3,male,-0.0071884664720878915,0,0,-0.5280326650334237,S,Third,man,True,Southampton,no,True,Youth,small,0
0,3,female,-0.058218607630686516,1,1,-0.46652578224263275,S,Third,woman,False,Southampton,no,False,Youth,small,2
0,1,male,2.3505242775164756,0,0,-0.1585127155043137,S,First,man,True,Southampton,no,True,Old,small,0
0,3,male,0.014773601010136526,1,0,-0.3585895793685209,S,Third,man,True,Southampton,no,False,Youth,small,1
0,3,female,0.817687896059191,0,2,-0.2798511963406213,S,Third,woman,False,Southampton,no,False,Middle,small,2
1,3,female,-0.058218607630686516,0,2,-0.37494418770467464,C,Third,woman,False,Cherbourg,yes,False,Youth,small,2
1,1,female,-0.0071884664720878915,0,0,0.8495300483665488,C,First,woman,False,Cherbourg,yes,True,Youth,small,0
1,1,female,0.014773601010136526,0,0,0.9892966614008754,S,First,woman,False,Southampton,yes,True,Youth,small,0
1,1,female,0.37973464421425174,0,0,9.142269951142913,C,First,woman,False,Cherbourg,yes,True,Middle,small,0
1,2,female,1.4746177738265986,0,1,-0.1690430767603246,S,Second,woman,False,Southampton,yes,False,Middle,small,1
1,3,male,-1.956016032292087,4,2,-0.06589340172985411,S,Third,child,False,Southampton,yes,False,kids,small,6
0,1,male,1.6206021911082447,1,1,0.8581457984851031,S,First,man,True,Southampton,no,False,Old,small,2
0,1,male,0.7446956874183672,0,0,-0.6668419724990221,S,First,man,True,Southampton,no,True,Middle,small,0
0,3,female,-0.0071884664720878915,0,0,-0.5184596093461411,Q,Third,woman,False,Queenstown,no,True,Youth,small,0
0,2,male,0.4527268528550751,0,0,-0.46580780306608655,S,Second,man,True,Southampton,no,True,Middle,small,0
0,3,male,-1.0071173199613868,4,1,0.09301932267903773,S,Third,man,True,Southampton,no,False,Child,small,5
1,3,male,-0.350187442193979,1,0,-0.517980956561777,S,Third,man,True,Southampton,yes,False,Youth,small,1
1,1,female,2.0585554429531836,0,1,2.2713681443202036,S,First,woman,False,Southampton,yes,False,Old,small,1
1,1,female,0.37973464421425174,0,0,1.9300082954008035,S,First,woman,False,Southampton,yes,True,Middle,small,0
0,1,male,-0.0071884664720878915,0,0,-0.07331251988749819,S,First,man,True,Southampton,no,True,Youth,small,0
1,3,male,-0.350187442193979,0,0,-0.6668419724990221,S,Third,man,True,Southampton,yes,True,Youth,small,0
1,2,female,0.817687896059191,0,1,-0.29349280069499895,S,Second,woman,False,Southampton,yes,False,Middle,small,1
0,1,male,0.5257190614958982,0,1,-0.0982024646744331,C,First,man,True,Cherbourg,no,False,Middle,small,1
1,1,female,2.4235164861572986,1,0,0.8257563218727508,S,First,woman,False,Southampton,yes,False,Old,small,1
0,3,female,1.1096567306224832,0,0,-0.5184596093461411,S,Third,woman,False,Southampton,no,True,Middle,small,0
0,2,male,-0.0071884664720878915,0,0,-0.6668419724990221,S,Second,man,True,Southampton,no,True,Youth,small,0
0,3,male,-1.6640471977287945,4,1,-0.10921147871480806,Q,Third,child,False,Queenstown,no,False,kids,small,5
1,3,female,0.37973464421425174,1,1,-0.279133217164075,S,Third,woman,False,Southampton,yes,False,Middle,small,2
0,3,male,2.569500903438945,0,0,-0.5184596093461411,Q,Third,man,True,Queenstown,no,True,Old,small,0
0,3,male,-0.13121081627150988,0,0,-0.5164645845409114,S,Third,man,True,Southampton,no,True,Youth,small,0
0,3,male,-1.0071173199613868,0,0,-0.4849539144406519,S,Third,man,True,Southampton,no,True,Child,small,0
1,3,male,-0.7881406940389174,0,0,-0.5127157759337715,S,Third,man,True,Southampton,yes,True,Youth,small,0
0,1,male,-0.0071884664720878915,0,0,-0.1690430767603246,S,First,man,True,Southampton,no,True,Youth,small,0
0,3,male,0.23375022693260566,0,0,-0.5009887827168503,C,Third,man,True,Cherbourg,no,True,Middle,small,0
1,3,male,0.014773601010136526,0,0,-0.4849539144406519,S,Third,man,True,Southampton,yes,True,Youth,small,0
0,3,male,-0.5691640681164485,0,0,-0.5156681063077294,S,Third,man,True,Southampton,no,True,Youth,small,0
1,2,male,0.8906801047000137,0,0,-0.41794252462967335,S,Second,man,True,Southampton,yes,True,Middle,small,0
1,3,female,-0.5691640681164485,0,0,-0.5184596093461411,Q,Third,woman,False,Queenstown,yes,True,Youth,small,0
1,1,female,-0.27719523355315595,0,0,0.8428289093854506,S,First,woman,False,Southampton,yes,True,Youth,small,0
1,1,female,-0.7881406940389174,1,0,1.0769705346072846,C,First,woman,False,Cherbourg,yes,False,Youth,small,1
0,2,male,0.4527268528550751,0,0,-0.42033578855149406,C,Second,man,True,Cherbourg,no,True,Middle,small,0
0,3,female,-0.4231796508348021,0,0,-0.49739888683411926,S,Third,woman,False,Southampton,no,True,Youth,small,0
0,3,male,-0.4231796508348021,0,0,-0.5156681063077294,S,Third,man,True,Southampton,no,True,Youth,small,0
0,3,male,-0.45967575515521375,0,0,-0.5284309041500147,C,Third,man,True,Cherbourg,no,True,Youth,small,0
0,1,female,-2.0290082409329098,1,2,2.2347512063163477,S,First,child,False,Southampton,no,False,kids,small,3
1,1,male,-0.0071884664720878915,0,0,-0.08288557557478085,S,First,man,True,Southampton,yes,True,Youth,small,0
1,1,female,1.4746177738265986,0,1,4.072218831822478,C,First,woman,False,Cherbourg,yes,False,Middle,small,1
1,3,male,-0.0071884664720878915,2,0,-0.22169488304037915,Q,Third,man,True,Queenstown,yes,False,Youth,small,2
0,3,male,-0.7881406940389174,0,0,-0.6668419724990221,S,Third,man,True,Southampton,no,True,Youth,small,0
1,2,female,-0.0071884664720878915,0,0,-0.4303874970231408,Q,Second,woman,False,Queenstown,yes,True,Youth,small,0
1,1,male,-2.107839826264999,1,2,2.2347512063163477,S,First,child,False,Southampton,yes,False,kids,small,3
1,1,female,-0.0071884664720878915,0,0,1.456142038880313,C,First,woman,False,Cherbourg,yes,True,Youth,small,0
1,1,female,-0.9341251113205636,1,0,1.4181695561911376,C,First,woman,False,Cherbourg,yes,False,Child,small,1
0,2,male,0.014773601010136526,1,0,-0.2073352995094552,C,Second,man,True,Cherbourg,no,False,Youth,small,1
1,1,female,0.014773601010136526,0,0,0.4231308311658801,C,First,woman,False,Cherbourg,yes,True,Youth,small,0
1,1,female,-0.4231796508348021,0,0,0.9253161010204904,C,First,woman,False,Cherbourg,yes,True,Youth,small,0
1,1,female,-0.8611329026797405,2,2,4.356618999402545,C,First,woman,False,Cherbourg,yes,False,Child,small,4
0,2,female,-0.27719523355315595,1,1,-0.1690430767603246,S,Second,woman,False,Southampton,no,False,Youth,small,2
0,2,male,0.963672313340837,1,1,-0.1642565489166833,S,Second,man,True,Southampton,no,False,Middle,small,2
1,3,female,-0.27719523355315595,0,0,-0.5164645845409114,S,Third,woman,False,Southampton,yes,True,Youth,small,0
1,2,female,-0.4231796508348021,1,0,-0.1690430767603246,S,Second,woman,False,Southampton,yes,False,Youth,small,1
0,2,male,1.766586608389891,0,0,-0.39879641325510806,S,Second,man,True,Southampton,no,True,Old,small,0
1,1,female,0.08776580965095956,0,2,2.489714227658021,S,First,woman,False,Southampton,yes,False,Middle,small,2
1,1,female,0.7446956874183672,1,1,1.9083100073800094,C,First,woman,False,Cherbourg,yes,False,Middle,small,2
0,3,male,-0.20420302491233291,0,0,-0.5156681063077294,S,Third,man,True,Southampton,no,True,Youth,small,0
1,2,female,0.014773601010136526,0,0,-0.4303874970231408,Q,Second,woman,False,Queenstown,yes,True,Youth,small,0
1,2,female,-0.5691640681164485,1,1,-0.11160474263662873,S,Second,woman,False,Southampton,yes,False,Youth,small,2
1,1,female,0.4527268528550751,0,0,1.9300082954008035,C,First,woman,False,Cherbourg,yes,True,Middle,small,0
0,3,male,2.2775320688756526,0,0,-0.5474181028001711,S,Third,man,True,Southampton,no,True,Old,small,0
1,2,female,0.4527268528550751,0,0,-0.41794252462967335,S,Second,woman,False,Southampton,yes,True,Middle,small,0
1,3,female,0.08776580965095956,1,1,-0.27386803653606956,S,Third,woman,False,Southampton,yes,False,Middle,small,2
1,1,female,-1.0071173199613868,0,1,0.44323424810917356,C,First,woman,False,Cherbourg,yes,False,Child,small,1
1,3,female,-0.0071884664720878915,2,0,-0.22169488304037915,Q,Third,woman,False,Queenstown,yes,False,Youth,small,2
0,1,male,1.1461528349428949,0,0,-0.12117779832391139,S,First,man,True,Southampton,no,True,Middle,small,0
0,1,male,0.5987112701367212,0,1,2.2713681443202036,S,First,man,True,Southampton,no,False,Middle,small,1
0,3,male,-1.0071173199613868,2,0,-0.3222119677568469,S,Third,man,True,Southampton,no,False,Child,small,2
1,1,female,-0.0071884664720878915,1,0,1.8920358127116286,S,First,woman,False,Southampton,yes,False,Youth,small,1
0,1,male,-0.058218607630686516,1,0,0.6082890450470259,S,First,man,True,Southampton,no,False,Youth,small,1
1,1,female,0.817687896059191,0,0,1.9083100073800094,C,First,woman,False,Cherbourg,yes,True,Middle,small,0
1,3,male,1.1096567306224832,0,0,-0.5127157759337715,S,Third,man,True,Southampton,yes,True,Middle,small,0
0,1,male,1.1096567306224832,0,0,0.012844981298045685,S,First,man,True,Southampton,no,True,Middle,small,0
1,2,male,-2.0290082409329098,1,1,-0.1690430767603246,S,Second,child,False,Southampton,yes,False,kids,small,2
1,1,female,-0.4231796508348021,3,2,4.3685853190116495,S,First,woman,False,Southampton,yes,False,Youth,small,5
0,2,male,-0.13121081627150988,0,0,-0.41794252462967335,S,Second,man,True,Southampton,no,True,Youth,small,0
0,2,male,0.4527268528550751,0,0,-0.41794252462967335,S,Second,man,True,Southampton,no,True,Middle,small,0
1,2,female,-0.4231796508348021,0,0,-0.41794252462967335,S,Second,woman,False,Southampton,yes,True,Youth,small,0
1,2,female,0.7446956874183672,0,0,-0.41794252462967335,S,Second,woman,False,Southampton,yes,True,Middle,small,0
1,3,female,-0.0071884664720878915,1,0,-0.3585895793685209,S,Third,woman,False,Southampton,yes,False,Youth,small,1
1,3,male,-1.956016032292087,1,1,-0.36241880164343404,S,Third,child,False,Southampton,yes,False,kids,small,2
0,3,male,0.8906801047000137,0,0,-0.5009887827168503,S,Third,man,True,Southampton,no,True,Middle,small,0
0,3,male,-0.4961718594756251,0,0,-0.4902190950686573,S,Third,man,True,Southampton,no,True,Youth,small,0
0,1,male,-0.0071884664720878915,0,0,0.003271925610762965,S,First,man,True,Southampton,no,True,Youth,small,0
0,3,male,-1.0801095286022098,1,1,-0.5284309041500147,C,Third,child,False,Cherbourg,no,False,Child,small,2
0,3,male,-0.350187442193979,1,0,-0.32604119003175996,S,Third,man,True,Southampton,no,False,Youth,small,1
1,1,female,-0.5691640681164485,0,1,0.38619415310206867,S,First,woman,False,Southampton,yes,False,Youth,small,1
0,2,female,0.5987112701367212,0,0,-0.41794252462967335,S,Second,woman,False,Southampton,no,True,Middle,small,0
0,3,male,0.7446956874183672,1,4,-0.13266546514865057,S,Third,man,True,Southampton,no,False,Middle,small,5
0,2,male,-0.058218607630686516,1,0,-0.13609644830697265,C,Second,man,True,Cherbourg,no,False,Youth,small,1
0,3,female,1.1096567306224832,0,1,-0.39010024946878047,C,Third,woman,False,Cherbourg,no,False,Middle,small,1
0,3,male,0.37973464421425174,0,0,-0.5318618873083367,S,Third,man,True,Southampton,no,True,Middle,small,0
0,3,male,0.014773601010136526,0,0,-0.5280326650334237,S,Third,man,True,Southampton,no,True,Youth,small,0
1,1,female,2.2045398602348296,1,0,0.7739029084370157,C,First,woman,False,Cherbourg,yes,False,Old,small,1
1,3,female,-0.0071884664720878915,0,0,-0.5284309041500147,C,Third,woman,False,Cherbourg,yes,True,Youth,small,0
1,1,female,-0.4231796508348021,0,0,0.6599835457583524,C,First,woman,False,Cherbourg,yes,True,Youth,small,0
1,1,male,-0.350187442193979,1,0,0.39465099049621416,C,First,man,True,Cherbourg,yes,False,Youth,small,1
0,3,male,-0.8611329026797405,1,0,-0.5424726622321209,S,Third,man,True,Southampton,no,False,Child,small,1
0,3,male,-0.7881406940389174,0,0,-0.5127157759337715,S,Third,man,True,Southampton,no,True,Youth,small,0
0,1,male,-0.5691640681164485,0,0,1.9300082954008035,C,First,man,True,Cherbourg,no,True,Youth,small,0
0,3,female,-1.956016032292087,3,1,-0.2633376752800587,S,Third,child,False,Southampton,no,False,kids,small,4
1,1,female,-0.0071884664720878915,1,0,0.9064093160381074,C,First,woman,False,Cherbourg,yes,False,Youth,small,1
1,3,female,-0.5691640681164485,0,0,-0.5280326650334237,S,Third,woman,False,Southampton,yes,True,Youth,small,0
0,1,male,-0.20420302491233291,0,2,3.3825605832215366,C,First,man,True,Cherbourg,no,False,Youth,small,2
0,3,male,-0.7151484853980944,0,0,-0.5900182006085789,C,Third,man,True,Cherbourg,no,True,Youth,small,0
0,3,male,-0.7881406940389174,0,0,-0.517980956561777,S,Third,man,True,Southampton,no,True,Youth,small,0
1,1,female,0.8906801047000137,0,0,3.689377017998945,C,First,woman,False,Cherbourg,yes,True,Middle,small,0
1,3,female,-2.102000449573733,0,2,-0.3654496310740277,C,Third,child,False,Cherbourg,yes,False,kids,small,2
0,3,male,0.1607580182917826,0,0,-0.5151090398555921,S,Third,man,True,Southampton,no,True,Middle,small,0
1,1,female,0.37973464421425174,1,0,0.3287558189783729,S,First,woman,False,Southampton,yes,False,Middle,small,1
0,2,male,-0.8611329026797405,0,0,0.7403972135315265,S,Second,man,True,Southampton,no,True,Child,small,0
0,3,male,-2.102000449573733,5,2,0.23111065096808991,S,Third,child,False,Southampton,no,False,kids,medium,7
0,3,male,-0.0071884664720878915,0,0,-0.518857848462732,Q,Third,man,True,Queenstown,no,True,Youth,small,0
1,2,female,-0.9341251113205636,0,0,-0.43708863600423864,C,Second,woman,False,Cherbourg,yes,True,Child,small,0
1,1,male,0.4527268528550751,1,2,1.6306913924488127,S,First,man,True,Southampton,yes,False,Middle,small,3
1,3,male,-0.6421562767572715,0,0,-0.517582717445186,S,Third,man,True,Southampton,yes,True,Youth,small,0
0,3,male,-0.13121081627150988,2,0,-0.5151090398555921,S,Third,man,True,Southampton,no,False,Youth,small,2
1,1,female,-0.4961718594756251,1,0,1.5019337934548609,C,First,woman,False,Cherbourg,yes,False,Youth,small,1
1,3,female,-0.4231796508348021,0,2,-0.3471019125437818,S,Third,woman,False,Southampton,yes,False,Youth,small,2
0,3,male,-0.5691640681164485,0,0,-0.517582717445186,S,Third,man,True,Southampton,no,True,Youth,small,0
0,3,female,0.08776580965095956,0,0,-0.5164645845409114,S,Third,woman,False,Southampton,no,True,Middle,small,0
0,2,male,1.1826489392633066,0,0,-0.1690430767603246,S,Second,man,True,Southampton,no,True,Middle,small,0
0,2,male,-0.4961718594756251,0,0,-0.46580780306608655,S,Second,man,True,Southampton,no,True,Youth,small,0
1,2,female,-0.13121081627150988,0,0,-0.42464366361077116,S,Second,woman,False,Southampton,yes,True,Youth,small,0
1,3,male,0.6717034787775442,0,0,-0.5151090398555921,S,Third,man,True,Southampton,yes,True,Middle,small,0
0,3,male,-0.27719523355315595,0,0,-0.5127157759337715,S,Third,man,True,Southampton,no,True,Youth,small,0
0,3,female,-0.6421562767572715,1,0,-0.4787314282439181,S,Third,woman,False,Southampton,no,False,Youth,small,1
0,3,male,-0.13121081627150988,1,0,-0.3633761072121623,S,Third,man,True,Southampton,no,False,Youth,small,1
0,3,female,-0.7151484853980944,0,0,-0.5009887827168503,S,Third,woman,False,Southampton,no,True,Youth,small,0
0,2,male,0.3067424355734287,1,0,-0.26477363363315104,S,Second,man,True,Southampton,no,False,Middle,small,1
0,3,male,1.5476099824674214,0,0,-0.5184596093461411,S,Third,man,True,Southampton,no,True,Old,small,0
1,2,male,-1.956016032292087,1,1,-0.3078523842259229,S,Second,child,False,Southampton,yes,False,kids,small,2
0,3,male,-0.6421562767572715,0,0,-0.517980956561777,S,Third,man,True,Southampton,no,True,Youth,small,0
0,3,male,-0.0071884664720878915,0,0,-0.5355321968588409,Q,Third,man,True,Queenstown,no,True,Youth,small,0
1,1,female,0.23375022693260566,1,0,1.056308051211854,Q,First,woman,False,Queenstown,yes,False,Middle,small,1
1,3,male,1.0366645219816597,0,0,-0.5151090398555921,S,Third,man,True,Southampton,yes,True,Middle,small,0
0,3,female,-0.0071884664720878915,0,0,-0.5127157759337715,S,Third,woman,False,Southampton,no,True,Youth,small,0
1,2,female,0.3067424355734287,1,1,-0.04459335282565023,S,Second,woman,False,Southampton,yes,False,Middle,small,2
1,2,female,-0.8611329026797405,0,2,-0.41794252462967335,S,Second,woman,False,Southampton,yes,False,Child,small,2
0,3,female,-1.4450705718063253,0,2,-0.20446338280327045,S,Third,child,False,Southampton,no,False,kids,small,2
0,3,male,-0.6421562767572715,0,0,-0.5187793494060964,Q,Third,man,True,Queenstown,no,True,Youth,small,0
0,3,male,-0.058218607630686516,0,0,-0.5160663454243204,S,Third,man,True,Southampton,no,True,Youth,small,0
0,3,female,-0.13121081627150988,1,1,-0.39113796870528195,S,Third,woman,False,Southampton,no,False,Youth,small,2
0,3,male,-0.8611329026797405,1,1,-0.2798511963406213,S,Third,man,True,Southampton,no,False,Child,small,2
1,2,female,-0.13121081627150988,1,0,-0.1690430767603246,S,Second,woman,False,Southampton,yes,False,Youth,small,1
1,2,female,-0.7881406940389174,0,0,-0.1690430767603246,S,Second,woman,False,Southampton,yes,True,Youth,small,0
1,3,male,0.1607580182917826,0,0,-0.5127157759337715,S,Third,man,True,Southampton,yes,True,Middle,small,0
1,1,male,-0.13121081627150988,0,0,-0.1585127155043137,S,First,man,True,Southampton,yes,True,Youth,small,0
1,2,female,0.8906801047000137,1,0,-0.1690430767603246,S,Second,woman,False,Southampton,yes,False,Middle,small,1
0,3,male,-0.9341251113205636,0,0,-0.5304259289552444,S,Third,man,True,Southampton,no,True,Child,small,0
0,1,male,1.4746177738265986,1,0,0.4034256533391774,S,First,man,True,Southampton,no,False,Middle,small,1
1,1,female,-1.153101737243033,1,2,1.6306913924488127,S,First,child,False,Southampton,yes,False,Child,small,3
0,3,female,-0.6421562767572715,2,2,-0.008694393998340301,S,Third,woman,False,Southampton,no,False,Youth,small,4
1,2,female,-0.4231796508348021,2,3,-0.3078523842259229,S,Second,woman,False,Southampton,yes,False,Youth,small,5
0,1,male,2.496508694798122,1,4,4.3685853190116495,S,First,man,True,Southampton,no,False,Old,small,5
0,2,male,0.08776580965095956,0,0,-0.46580780306608655,S,Second,man,True,Southampton,no,True,Middle,small,0
1,2,female,1.1096567306224832,1,1,-0.1642565489166833,S,Second,woman,False,Southampton,yes,False,Middle,small,2
0,3,male,-0.7151484853980944,0,0,-0.4849539144406519,S,Third,man,True,Southampton,no,True,Youth,small,0
0,3,male,-0.350187442193979,1,0,-0.517980956561777,S,Third,man,True,Southampton,no,False,Youth,small,1
1,2,female,-0.13121081627150988,0,0,-0.41794252462967335,S,Second,woman,False,Southampton,yes,True,Youth,small,0
1,3,male,-0.0071884664720878915,0,0,-0.5115191439728611,S,Third,man,True,Southampton,yes,True,Youth,small,0
1,1,male,-1.883023823651264,0,2,0.9004261562335555,S,First,child,False,Southampton,yes,False,kids,small,2
1,2,female,-1.226093945883856,0,1,-0.29349280069499895,S,Second,child,False,Southampton,yes,False,Child,small,1
1,1,male,0.3067424355734287,0,0,-0.1585127155043137,S,First,man,True,Southampton,yes,True,Middle,small,0
1,3,female,-1.8100316150104407,2,1,-0.29812041581423143,C,Third,child,False,Cherbourg,yes,False,kids,small,3
1,1,male,1.6206021911082447,0,0,-0.08288557557478085,S,First,man,True,Southampton,yes,True,Old,small,0
0,2,male,0.4527268528550751,1,2,-0.13553738185483533,S,Second,man,True,Southampton,no,False,Middle,small,3
0,3,male,-0.0071884664720878915,1,0,-0.28455731051648936,S,Third,man,True,Southampton,no,False,Youth,small,1
0,1,male,0.014773601010136526,0,0,-0.13553738185483533,C,First,man,True,Cherbourg,no,True,Youth,small,0
1,1,male,1.4016255651857754,1,0,1.0391569646425183,C,First,man,True,Cherbourg,yes,False,Middle,small,1
1,3,male,-0.058218607630686516,0,0,-0.5156681063077294,C,Third,man,True,Cherbourg,yes,True,Youth,small,0
0,1,male,2.569500903438945,0,0,-0.1585127155043137,S,First,man,True,Southampton,no,True,Old,small,0
1,1,female,-0.0071884664720878915,1,0,0.3261232286643701,S,First,woman,False,Southampton,yes,False,Youth,small,1
1,2,female,1.4746177738265986,0,0,-0.46580780306608655,S,Second,woman,False,Southampton,yes,True,Middle,small,0
1,1,male,1.3286333565449526,0,0,-0.1585127155043137,S,First,man,True,Southampton,yes,True,Middle,small,0
0,3,male,0.3067424355734287,0,0,-0.5127157759337715,S,Third,man,True,Southampton,no,True,Middle,small,0
0,1,male,1.2556411479041292,0,0,0.07028331542174147,S,First,man,True,Southampton,no,True,Middle,small,0
0,2,male,1.3286333565449526,0,0,-0.41794252462967335,S,Second,man,True,Southampton,no,True,Middle,small,0
0,3,male,0.5987112701367212,0,0,-0.5318618873083367,S,Third,man,True,Southampton,no,True,Middle,small,0
0,1,male,1.912571025671537,0,0,-0.1585127155043137,S,First,man,True,Southampton,no,True,Old,small,0
0,3,male,-0.0071884664720878915,0,0,-0.5189382621305052,Q,Third,man,True,Queenstown,no,True,Youth,small,0
1,3,female,-2.120248501733939,2,1,-0.29812041581423143,C,Third,child,False,Cherbourg,yes,False,kids,small,3
0,3,male,0.5987112701367212,0,0,-0.5009887827168503,S,Third,man,True,Southampton,no,True,Middle,small,0
1,2,female,0.23375022693260566,1,2,-0.13553738185483533,S,Second,woman,False,Southampton,yes,False,Middle,small,3
1,2,female,-0.4961718594756251,0,0,-0.40278454825443,C,Second,woman,False,Cherbourg,yes,True,Youth,small,0
0,3,female,-0.5691640681164485,0,0,-0.478492101851736,S,Third,woman,False,Southampton,no,True,Youth,small,0
0,1,male,-0.0071884664720878915,0,0,0.3287558189783729,S,First,man,True,Southampton,no,True,Youth,small,0
0,3,male,-0.058218607630686516,1,0,-0.53194230097611,S,Third,man,True,Southampton,no,False,Youth,small,1
0,3,male,-0.5691640681164485,0,0,-0.5228478980731914,S,Third,man,True,Southampton,no,True,Youth,small,0
1,3,female,-2.0290082409329098,0,1,-0.43158412898405113,S,Third,child,False,Southampton,yes,False,kids,small,1
0,3,male,-1.5180627804471483,5,2,0.23111065096808991,S,Third,child,False,Southampton,no,False,kids,medium,7
0,3,male,1.4746177738265986,0,0,-0.5127157759337715,S,Third,man,True,Southampton,no,True,Middle,small,0
1,3,female,2.4235164861572986,0,0,-0.4832786296953774,S,Third,woman,False,Southampton,yes,True,Old,small,0
1,1,male,-0.350187442193979,1,0,1.0769705346072846,C,First,man,True,Cherbourg,yes,False,Youth,small,1
1,1,female,0.37973464421425174,1,0,1.056308051211854,S,First,woman,False,Southampton,yes,False,Middle,small,1
0,1,male,2.0585554429531836,0,0,-0.0982024646744331,C,First,man,True,Cherbourg,no,True,Old,small,0
1,3,male,-1.5180627804471483,1,1,-0.36241880164343404,S,Third,child,False,Southampton,yes,False,kids,small,2
0,3,male,-0.6421562767572715,0,0,-0.5280326650334237,S,Third,man,True,Southampton,no,True,Youth,small,0
0,1,male,1.8395788170307141,0,0,-0.08288557557478085,S,First,man,True,Southampton,no,True,Old,small,0
0,1,male,3.0074541552838836,0,0,0.2809709542097327,C,First,man,True,Cherbourg,no,True,Old,small,0
0,3,male,-0.0071884664720878915,0,0,-0.3900217504121448,C,Third,man,True,Cherbourg,no,True,Youth,small,0
1,1,female,1.766586608389891,1,0,0.8316609826206669,C,First,woman,False,Cherbourg,yes,False,Old,small,1
0,3,male,-0.0071884664720878915,0,0,-0.37773569074308627,S,Third,man,True,Southampton,no,True,Youth,small,0
0,1,female,-0.350187442193979,1,2,2.2347512063163477,S,First,woman,False,Southampton,no,False,Youth,small,3
0,3,male,-0.4231796508348021,0,0,-0.517582717445186,S,Third,man,True,Southampton,no,True,Youth,small,0
0,3,female,-0.6421562767572715,0,0,-0.5184596093461411,Q,Third,woman,False,Queenstown,no,True,Youth,small,0
0,3,female,-0.0071884664720878915,0,0,-0.5207724596001886,Q,Third,woman,False,Queenstown,no,True,Youth,small,0
0,3,female,0.5257190614958982,0,0,-0.4832786296953774,S,Third,woman,False,Southampton,no,True,Middle,small,0
1,1,female,-1.0071173199613868,0,0,0.9892966614008754,S,First,woman,False,Southampton,yes,True,Child,small,0
0,1,male,-0.8611329026797405,1,0,1.4181695561911376,C,First,man,True,Cherbourg,no,False,Child,small,1
1,2,female,0.23375022693260566,0,2,-0.1690430767603246,S,Second,woman,False,Southampton,yes,False,Middle,small,2
1,1,male,-0.0071884664720878915,0,0,-0.1585127155043137,S,First,man,True,Southampton,yes,True,Youth,small,0
0,3,male,-0.13121081627150988,0,0,-0.235575813786939,S,Third,man,True,Southampton,no,True,Youth,small,0
1,3,male,-0.27719523355315595,0,0,0.4148329064961435,S,Third,man,True,Southampton,yes,True,Youth,small,0
1,3,male,-0.058218607630686516,0,0,-0.5184596093461411,Q,Third,man,True,Queenstown,yes,True,Youth,small,0
1,1,male,0.4527268528550751,0,0,-0.16353856974013703,S,First,man,True,Southampton,yes,True,Middle,small,0
1,1,female,1.766586608389891,1,0,0.4704370431501559,C,First,woman,False,Cherbourg,yes,False,Old,small,1
0,3,male,-0.4231796508348021,0,0,-0.5233265508575555,S,Third,man,True,Southampton,no,True,Youth,small,0
0,1,male,1.2556411479041292,0,0,-0.015475946647211298,S,First,man,True,Southampton,no,True,Middle,small,0
1,2,female,0.3067424355734287,0,0,-0.46580780306608655,S,Second,woman,False,Southampton,yes,True,Middle,small,0
0,3,male,-0.0071884664720878915,0,0,-0.20446338280327045,Q,Third,man,True,Queenstown,no,True,Youth,small,0
1,2,female,0.4527268528550751,1,0,-0.1690430767603246,S,Second,woman,False,Southampton,yes,False,Middle,small,1
0,3,male,0.1607580182917826,0,0,-0.5156681063077294,S,Third,man,True,Southampton,no,True,Middle,small,0
1,1,female,0.014773601010136526,0,0,1.1233194410228324,S,First,woman,False,Southampton,yes,True,Youth,small,0
1,1,female,1.0366645219816597,0,1,0.44323424810917356,C,First,woman,False,Cherbourg,yes,False,Middle,small,1
0,3,male,-0.0071884664720878915,0,0,-0.5284309041500147,C,Third,man,True,Cherbourg,no,True,Youth,small,0
0,3,male,0.7811917917387793,0,0,-0.5184596093461411,Q,Third,man,True,Queenstown,no,True,Middle,small,0
0,1,male,-0.0071884664720878915,0,0,3.579367291262968,S,First,man,True,Southampton,no,True,Youth,small,0
0,3,male,0.6717034787775442,0,0,-0.5151090398555921,S,Third,man,True,Southampton,no,True,Middle,small,0
0,2,male,-0.4961718594756251,2,1,-0.44666169169152126,S,Second,man,True,Southampton,no,False,Youth,small,3
1,2,female,-2.0290082409329098,1,1,-0.1690430767603246,S,Second,child,False,Southampton,yes,False,kids,small,2
0,3,male,-0.9341251113205636,1,1,-0.5284309041500147,C,Third,man,True,Cherbourg,no,False,Child,small,2
1,3,female,-0.0071884664720878915,0,2,-0.23876747055307898,C,Third,woman,False,Cherbourg,yes,False,Youth,small,2
0,3,female,0.014773601010136526,0,0,-0.5009887827168503,S,Third,woman,False,Southampton,no,True,Youth,small,0
1,2,female,-1.6640471977287945,0,2,-0.1642565489166833,S,Second,child,False,Southampton,yes,False,kids,small,2
0,1,male,1.1096567306224832,0,0,-0.1585127155043137,S,First,man,True,Southampton,no,True,Middle,small,0
1,1,female,0.014773601010136526,0,0,1.3707829305390886,C,First,woman,False,Cherbourg,yes,True,Youth,small,0
0,3,male,-0.0071884664720878915,0,0,-0.3892233575678254,S,Third,man,True,Southampton,no,True,Youth,small,0
1,1,female,-0.5691640681164485,0,2,0.2808905405419597,C,First,woman,False,Cherbourg,yes,False,Youth,small,2
1,1,female,0.4527268528550751,0,2,0.6925319350951135,S,First,woman,False,Southampton,yes,False,Middle,small,2
0,3,female,-1.5180627804471483,4,2,-0.06804733925949275,S,Third,child,False,Southampton,no,False,kids,small,6
0,3,female,-1.3720783631655022,4,2,-0.06804733925949275,S,Third,child,False,Southampton,no,False,Child,small,6
1,2,male,0.1607580182917826,1,0,-0.1690430767603246,S,Second,man,True,Southampton,yes,False,Middle,small,1
0,1,male,1.4746177738265986,1,0,1.3707829305390886,C,First,man,True,Cherbourg,no,False,Middle,small,1
0,1,male,2.496508694798122,0,0,-0.1690430767603246,S,First,man,True,Southampton,no,True,Old,small,0
1,2,female,-0.7881406940389174,1,0,-0.1690430767603246,S,Second,woman,False,Southampton,yes,False,Youth,small,1
1,2,male,-0.0071884664720878915,0,0,-0.40142900356911076,C,Second,man,True,Cherbourg,yes,True,Youth,small,0
0,3,male,0.23375022693260566,1,1,-0.27386803653606956,S,Third,man,True,Southampton,no,False,Middle,small,2
1,2,male,-1.5910549890879713,1,1,0.03677762051625222,S,Second,child,False,Southampton,yes,False,kids,small,2
1,1,male,-0.9341251113205636,0,2,1.456142038880313,C,First,man,True,Cherbourg,yes,False,Child,small,2
0,2,male,-0.20420302491233291,0,0,-0.1690430767603246,S,Second,man,True,Southampton,no,True,Youth,small,0
0,3,male,-0.0071884664720878915,0,0,-0.5169432373252756,Q,Third,man,True,Queenstown,no,True,Youth,small,0
1,3,male,-0.5691640681164485,0,0,-0.5285113178177879,C,Third,man,True,Cherbourg,yes,True,Youth,small,0
1,3,female,-0.5691640681164485,0,0,-0.517980956561777,S,Third,woman,False,Southampton,yes,True,Youth,small,0
1,1,female,1.3286333565449526,1,0,0.09134403793376338,C,First,woman,False,Cherbourg,yes,False,Middle,small,1
0,1,male,-0.0071884664720878915,0,0,3.689377017998945,C,First,man,True,Cherbourg,no,True,Youth,small,0
1,1,female,0.6717034787775442,1,1,0.8581457984851031,S,First,woman,False,Southampton,yes,False,Middle,small,2
1,3,female,0.4527268528550751,1,0,-0.3336996345815861,S,Third,woman,False,Southampton,yes,False,Middle,small,1
0,3,male,0.7446956874183672,0,0,-0.5156681063077294,S,Third,man,True,Southampton,no,True,Middle,small,0
0,2,male,-0.13121081627150988,0,0,-0.40836946894239073,S,Second,man,True,Southampton,no,True,Youth,small,0
0,3,male,-0.4231796508348021,2,0,-0.20446338280327045,S,Third,man,True,Southampton,no,False,Youth,small,2
0,3,male,-0.7881406940389174,0,0,-0.5156681063077294,S,Third,man,True,Southampton,no,True,Youth,small,0
0,3,female,-0.058218607630686516,0,4,-0.2633376752800587,S,Third,woman,False,Southampton,no,False,Youth,small,4
1,3,male,0.1607580182917826,0,0,-0.5164645845409114,S,Third,man,True,Southampton,yes,True,Middle,small,0
1,2,male,2.3505242775164756,0,0,-0.46580780306608655,S,Second,man,True,Southampton,yes,True,Old,small,0
1,1,female,1.6935943997490681,2,0,0.31878452417449926,S,First,woman,False,Southampton,yes,False,Old,small,2
1,1,male,0.4527268528550751,0,0,-0.16162395860268058,S,First,man,True,Southampton,yes,True,Middle,small,0
0,3,male,-1.0071173199613868,0,0,-0.5127157759337715,S,Third,man,True,Southampton,no,True,Child,small,0
0,3,male,-0.7881406940389174,0,0,-0.3892233575678254,S,Third,man,True,Southampton,no,True,Youth,small,0
1,2,female,0.3067424355734287,0,0,-0.41794252462967335,S,Second,woman,False,Southampton,yes,True,Middle,small,0
1,1,female,0.6717034787775442,1,0,0.4034256533391774,S,First,woman,False,Southampton,yes,False,Middle,small,1
0,3,female,-0.0071884664720878915,1,0,-0.3900217504121448,C,Third,woman,False,Cherbourg,no,False,Youth,small,1
1,3,male,0.1607580182917826,0,0,-0.5151090398555921,S,Third,man,True,Southampton,yes,True,Middle,small,0
1,2,female,-0.350187442193979,1,1,-0.09245863126206343,S,Second,woman,False,Southampton,yes,False,Youth,small,2
1,1,female,0.6717034787775442,1,1,1.456142038880313,C,First,woman,False,Cherbourg,yes,False,Middle,small,2
0,2,male,1.766586608389891,0,0,-0.1690430767603246,S,Second,man,True,Southampton,no,True,Old,small,0
0,1,male,0.4527268528550751,0,0,0.10139574640541003,C,First,man,True,Cherbourg,no,True,Middle,small,0
0,3,male,-0.0071884664720878915,0,0,-0.500031477148122,C,Third,man,True,Cherbourg,no,True,Youth,small,0
1,1,female,-0.8611329026797405,0,2,0.8581457984851031,S,First,woman,False,Southampton,yes,False,Child,small,2
0,2,male,1.2556411479041292,0,0,-0.3796503018805428,S,Second,man,True,Southampton,no,True,Middle,small,0
1,1,male,2.2045398602348296,1,1,0.8495300483665488,C,First,man,True,Cherbourg,yes,False,Old,small,2
0,3,male,0.37973464421425174,0,0,-0.5304259289552444,S,Third,man,True,Southampton,no,True,Middle,small,0
1,1,female,1.6206021911082447,1,0,0.8316609826206669,C,First,woman,False,Cherbourg,yes,False,Old,small,1
0,3,male,1.2556411479041292,0,0,-0.5280326650334237,S,Third,man,True,Southampton,no,True,Middle,small,0
0,3,female,-0.0071884664720878915,0,2,-0.5184596093461411,Q,Third,woman,False,Queenstown,no,False,Youth,small,2
0,2,male,0.5257190614958982,1,0,-0.1690430767603246,S,Second,man,True,Southampton,no,False,Middle,small,1
0,3,male,0.4527268528550751,1,1,-0.20446338280327045,S,Third,man,True,Southampton,no,False,Middle,small,2
1,2,female,-0.0071884664720878915,0,0,-0.03502029713836765,S,Second,woman,False,Southampton,yes,True,Youth,small,0
0,3,male,1.4016255651857754,0,0,-0.6668419724990221,S,Third,man,True,Southampton,no,True,Middle,small,0
1,1,male,1.4016255651857754,1,0,0.4231308311658801,C,First,man,True,Cherbourg,yes,False,Middle,small,1
1,2,female,-0.4231796508348021,2,1,-0.14989696538575933,S,Second,woman,False,Southampton,yes,False,Youth,small,3
0,1,male,-0.0071884664720878915,0,0,0.1449531497825461,S,First,man,True,Southampton,no,True,Youth,small,0
0,3,male,1.0366645219816597,0,0,-0.5127157759337715,S,Third,man,True,Southampton,no,True,Middle,small,0
1,1,male,0.37973464421425174,0,0,-0.1585127155043137,C,First,man,True,Cherbourg,yes,True,Middle,small,0
0,3,male,0.4527268528550751,1,0,-0.36911994062453185,S,Third,man,True,Southampton,no,False,Middle,small,1
0,3,male,0.014773601010136526,0,0,-0.5156681063077294,S,Third,man,True,Southampton,no,True,Youth,small,0
1,1,male,-0.20420302491233291,0,0,-0.08288557557478085,S,First,man,True,Southampton,yes,True,Youth,small,0
1,2,female,-0.5691640681164485,1,2,0.12923802156630293,C,Second,woman,False,Cherbourg,yes,False,Youth,small,3
1,1,female,0.7446956874183672,0,0,2.2713681443202036,S,First,woman,False,Southampton,yes,True,Middle,small,0
0,3,female,0.6717034787775442,1,5,-0.06804733925949275,S,Third,woman,False,Southampton,no,False,Middle,small,6
0,3,male,-0.0071884664720878915,0,0,-0.5318618873083367,S,Third,man,True,Southampton,no,True,Youth,small,0
1,2,female,-0.4231796508348021,1,2,0.5776552668477216,S,Second,woman,False,Southampton,yes,False,Youth,small,3
0,3,male,0.3067424355734287,1,1,-0.39113796870528195,S,Third,man,True,Southampton,no,False,Middle,small,2
0,3,female,-0.27719523355315595,1,0,-0.3585895793685209,S,Third,woman,False,Southampton,no,False,Youth,small,1
1,2,female,-1.883023823651264,2,1,0.07985637110902419,S,Second,child,False,Southampton,yes,False,kids,small,3
0,2,male,-0.27719523355315595,0,0,-0.46580780306608655,S,Second,man,True,Southampton,no,True,Youth,small,0
0,3,male,-0.20420302491233291,1,0,-0.39010024946878047,C,Third,man,True,Cherbourg,no,False,Youth,small,1
1,1,male,0.8906801047000137,1,0,0.33936659390215695,S,First,man,True,Southampton,yes,False,Middle,small,1
1,3,male,-0.7151484853980944,1,1,-0.3654496310740277,C,Third,man,True,Cherbourg,yes,False,Youth,small,2
0,3,male,-0.6421562767572715,0,0,-0.5164645845409114,S,Third,man,True,Southampton,no,True,Youth,small,0
0,3,male,-0.6421562767572715,0,0,-0.3585895793685209,S,Third,man,True,Southampton,no,True,Youth,small,0
0,1,male,2.2775320688756526,0,0,-0.048024335983972384,S,First,man,True,Southampton,no,True,Old,small,0
0,2,male,1.9855632343123604,0,0,-0.4303874970231408,Q,Second,man,True,Queenstown,no,True,Old,small,0
1,1,female,-0.6421562767572715,0,0,0.8257563218727508,S,First,woman,False,Southampton,yes,True,Youth,small,0
0,3,male,-0.27719523355315595,0,0,-0.5156681063077294,S,Third,man,True,Southampton,no,True,Youth,small,0
0,3,male,-0.0071884664720878915,0,0,-0.5187793494060964,Q,Third,man,True,Queenstown,no,True,Youth,small,0
1,1,male,3.664384033051291,0,0,-0.09245863126206343,S,First,man,True,Southampton,yes,True,Old,small,0
0,3,male,1.5476099824674214,0,0,-0.5317814736405636,S,Third,man,True,Southampton,no,True,Old,small,0
1,1,male,0.1607580182917826,0,0,-0.08288557557478085,C,First,man,True,Cherbourg,yes,True,Middle,small,0
0,1,male,-0.0071884664720878915,0,0,-0.6668419724990221,S,First,man,True,Southampton,no,True,Youth,small,0
0,3,female,-1.5180627804471483,3,2,-0.13266546514865057,S,Third,child,False,Southampton,no,False,kids,small,5
0,2,male,0.08776580965095956,1,1,-0.1642565489166833,S,Second,man,True,Southampton,no,False,Middle,small,2
0,3,female,0.817687896059191,0,5,0.09301932267903773,S,Third,woman,False,Southampton,no,False,Middle,small,5
0,3,male,-0.0071884664720878915,1,0,-0.3585895793685209,S,Third,man,True,Southampton,no,False,Youth,small,1
0,3,female,-2.0290082409329098,3,2,-0.13266546514865057,S,Third,child,False,Southampton,no,False,kids,small,5
1,3,male,-0.0071884664720878915,0,0,0.4148329064961435,S,Third,man,True,Southampton,yes,True,Youth,small,0
1,1,male,1.3286333565449526,1,0,0.8022238363822727,C,First,man,True,Cherbourg,yes,False,Middle,small,1
1,1,male,1.912571025671537,0,0,0.012844981298045685,C,First,man,True,Cherbourg,yes,True,Old,small,0
0,3,male,-0.0071884664720878915,0,0,-0.5222888316210542,S,Third,man,True,Southampton,no,True,Youth,small,0
1,3,female,-0.4961718594756251,0,0,-0.5222888316210542,S,Third,woman,False,Southampton,yes,True,Youth,small,0
1,2,female,-0.8611329026797405,0,1,-0.22648141088402043,S,Second,woman,False,Southampton,yes,False,Child,small,1
0,3,male,-0.6421562767572715,0,0,-0.5053770714439006,S,Third,man,True,Southampton,no,True,Youth,small,0
1,3,female,-0.0071884664720878915,0,0,-0.5169432373252756,Q,Third,woman,False,Queenstown,yes,True,Youth,small,0
0,3,female,-0.8611329026797405,0,0,-0.5376057207207064,Q,Third,woman,False,Queenstown,no,True,Child,small,0
0,2,male,-0.4231796508348021,2,0,0.7403972135315265,S,Second,man,True,Southampton,no,False,Youth,small,2
0,3,female,0.1607580182917826,1,1,-0.37007724619326016,Q,Third,woman,False,Queenstown,no,False,Middle,small,2
0,2,male,-0.4961718594756251,0,0,-0.41794252462967335,S,Second,man,True,Southampton,no,True,Youth,small,0
0,1,male,2.0585554429531836,0,2,1.5019337934548609,C,First,man,True,Cherbourg,no,False,Old,small,2
1,1,male,1.4746177738265986,2,0,1.8920358127116286,S,First,man,True,Southampton,yes,False,Middle,small,2
0,3,male,0.7446956874183672,0,0,-0.5285113178177879,C,Third,man,True,Cherbourg,no,True,Middle,small,0
0,1,male,1.2556411479041292,0,0,-0.17694084770233282,S,First,man,True,Southampton,no,True,Middle,small,0
0,3,male,0.4527268528550751,0,0,-0.5233265508575555,S,Third,man,True,Southampton,no,True,Middle,small,0
1,3,male,-0.7151484853980944,1,0,-0.5151090398555921,S,Third,man,True,Southampton,yes,False,Youth,small,1
0,2,male,0.1607580182917826,2,0,0.7403972135315265,S,Second,man,True,Southampton,no,False,Middle,small,2
0,3,male,-0.0071884664720878915,0,0,-0.517980956561777,S,Third,man,True,Southampton,no,True,Youth,small,0
0,3,male,0.963672313340837,0,0,-0.5127157759337715,S,Third,man,True,Southampton,no,True,Middle,small,0
1,1,female,-0.0071884664720878915,1,0,0.3287558189783729,S,First,woman,False,Southampton,yes,False,Youth,small,1
1,2,female,0.7446956874183672,1,1,0.07985637110902419,S,Second,woman,False,Southampton,yes,False,Middle,small,2
0,1,male,0.08776580965095956,1,0,0.3287558189783729,S,First,man,True,Southampton,no,False,Middle,small,1
0,2,male,2.93446194664306,0,0,-0.46580780306608655,S,Second,man,True,Southampton,no,True,Old,small,0
1,2,male,0.08776580965095956,0,0,-0.41794252462967335,S,Second,man,True,Southampton,yes,True,Middle,small,0
0,3,male,-0.8611329026797405,0,0,-0.517980956561777,S,Third,man,True,Southampton,no,True,Child,small,0
0,3,male,-0.3866835465143907,0,0,-0.5127157759337715,S,Third,man,True,Southampton,no,True,Youth,small,0
1,3,female,-0.8611329026797405,0,0,-0.4784116881839629,S,Third,woman,False,Southampton,yes,True,Child,small,0
0,3,female,0.963672313340837,1,6,0.23111065096808991,S,Third,woman,False,Southampton,no,False,Middle,small,7
1,1,male,0.4527268528550751,0,1,9.142269951142913,C,First,man,True,Cherbourg,yes,False,Middle,small,1
0,3,female,-0.0071884664720878915,0,0,-0.5110404911884971,Q,Third,woman,False,Queenstown,no,True,Youth,small,0
1,1,male,-0.20420302491233291,0,0,0.8022238363822727,C,First,man,True,Cherbourg,yes,True,Youth,small,0
0,3,male,-0.7151484853980944,0,0,-0.4902190950686573,S,Third,man,True,Southampton,no,True,Youth,small,0
0,3,male,-1.153101737243033,5,2,0.23111065096808991,S,Third,child,False,Southampton,no,False,Child,medium,7
0,2,male,2.2045398602348296,1,1,0.07985637110902419,S,Second,man,True,Southampton,no,False,Old,small,2
0,2,male,-0.350187442193979,1,2,0.12923802156630293,C,Second,man,True,Cherbourg,no,False,Youth,small,3
0,3,male,-1.153101737243033,4,1,0.09301932267903773,S,Third,child,False,Southampton,no,False,Child,small,5
0,3,male,-0.7881406940389174,0,0,-0.4721107029305935,S,Third,man,True,Southampton,no,True,Youth,small,0
0,3,male,-0.8611329026797405,0,0,-0.517582717445186,S,Third,man,True,Southampton,no,True,Child,small,0
1,1,female,-1.0801095286022098,0,1,3.3794493401231698,S,First,child,False,Southampton,yes,False,Child,small,1
1,1,male,0.08776580965095956,1,0,0.4244863758511993,S,First,man,True,Southampton,yes,False,Middle,small,1
1,3,female,-1.883023823651264,0,1,-0.40996434001989196,C,Third,child,False,Cherbourg,yes,False,kids,small,1
0,3,male,-0.350187442193979,0,0,-0.5285113178177879,C,Third,man,True,Cherbourg,no,True,Youth,small,0
0,1,male,2.2045398602348296,0,0,-0.1585127155043137,S,First,man,True,Southampton,no,True,Old,small,0
0,2,male,1.6206021911082447,0,0,-0.40836946894239073,S,Second,man,True,Southampton,no,True,Old,small,0
1,3,female,-0.0071884664720878915,0,0,-0.5187793494060964,Q,Third,woman,False,Queenstown,yes,True,Youth,small,0
0,1,male,1.4016255651857754,1,1,1.456142038880313,C,First,man,True,Cherbourg,no,False,Middle,small,2
0,3,male,0.8906801047000137,0,0,-0.5203742204835976,S,Third,man,True,Southampton,no,True,Middle,small,0
1,1,female,-0.8611329026797405,1,0,3.689377017998945,C,First,woman,False,Cherbourg,yes,False,Child,small,1
1,1,male,0.37973464421425174,0,0,-0.16353856974013703,S,First,man,True,Southampton,yes,True,Middle,small,0
0,3,female,-0.8611329026797405,0,1,-0.39010024946878047,C,Third,woman,False,Cherbourg,no,False,Child,small,1
0,3,male,-0.350187442193979,0,0,-0.51861852207055,Q,Third,man,True,Queenstown,no,True,Youth,small,0
0,3,male,-0.27719523355315595,1,0,-0.5164645845409114,S,Third,man,True,Southampton,no,False,Youth,small,1
0,2,male,0.6717034787775442,0,0,-0.1690430767603246,S,Second,man,True,Southampton,no,True,Middle,small,0
1,2,female,1.1096567306224832,0,0,-0.40836946894239073,S,Second,woman,False,Southampton,yes,True,Middle,small,0
1,1,male,0.8906801047000137,0,0,-0.16353856974013703,S,First,man,True,Southampton,yes,True,Middle,small,0
1,1,female,-0.5691640681164485,0,0,2.2347512063163477,S,First,woman,False,Southampton,yes,True,Youth,small,0
1,1,female,-0.4231796508348021,0,0,0.2809709542097327,C,First,woman,False,Cherbourg,yes,True,Youth,small,0
0,1,male,-0.0071884664720878915,0,0,-0.1585127155043137,S,First,man,True,Southampton,no,True,Youth,small,0
1,1,male,1.3286333565449526,1,0,0.3287558189783729,S,First,man,True,Southampton,yes,False,Middle,small,1
0,3,male,-0.058218607630686516,0,0,-0.48527365450060705,S,Third,man,True,Southampton,no,True,Youth,small,0
0,2,male,1.6206021911082447,0,0,-0.41794252462967335,S,Second,man,True,Southampton,no,True,Old,small,0
0,3,male,-0.7881406940389174,0,0,-0.5203742204835976,S,Third,man,True,Southampton,no,True,Youth,small,0
1,1,female,0.5987112701367212,0,0,3.689377017998945,C,First,woman,False,Cherbourg,yes,True,Middle,small,0
1,2,female,-0.20420302491233291,0,0,-0.46580780306608655,S,Second,woman,False,Southampton,yes,True,Youth,small,0
0,3,male,-0.0071884664720878915,0,0,-0.37007724619326016,Q,Third,man,True,Queenstown,no,True,Youth,small,0
0,3,male,0.23375022693260566,0,0,-0.517980956561777,S,Third,man,True,Southampton,no,True,Middle,small,0
1,2,female,-1.7370394063696177,0,1,-0.03502029713836765,S,Second,child,False,Southampton,yes,False,kids,small,1
0,3,male,-0.9341251113205636,1,0,-0.5317814736405636,S,Third,man,True,Southampton,no,False,Child,small,1
0,2,male,0.3067424355734287,0,0,-0.41794252462967335,S,Second,man,True,Southampton,no,True,Middle,small,0
0,2,male,1.4746177738265986,0,0,-0.41794252462967335,S,Second,man,True,Southampton,no,True,Middle,small,0
1,1,male,-0.20420302491233291,1,0,0.34981654149039465,S,First,man,True,Southampton,yes,False,Youth,small,1
0,3,male,-0.7151484853980944,0,0,-0.5009887827168503,S,Third,man,True,Southampton,no,True,Youth,small,0
1,2,female,0.014773601010136526,3,0,-0.26477363363315104,S,Second,woman,False,Southampton,yes,False,Youth,small,3
1,3,female,-0.0071884664720878915,0,0,-0.5186989357383232,Q,Third,woman,False,Queenstown,yes,True,Youth,small,0
0,2,male,-0.350187442193979,1,0,-0.1690430767603246,S,Second,man,True,Southampton,no,False,Youth,small,1
0,3,female,-0.350187442193979,1,0,-0.5151090398555921,S,Third,woman,False,Southampton,no,False,Youth,small,1
1,1,female,-0.058218607630686516,0,0,3.3794493401231698,S,First,woman,False,Southampton,yes,True,Youth,small,0
0,3,male,-1.3720783631655022,0,0,-0.30713440504937667,C,Third,child,False,Cherbourg,no,True,Child,small,0
0,3,male,-0.0947147119510982,0,0,-0.3585895793685209,S,Third,man,True,Southampton,no,True,Youth,small,0
0,3,female,1.3286333565449526,1,3,-0.008694393998340301,S,Third,woman,False,Southampton,no,False,Middle,small,4
1,1,male,0.37973464421425174,0,0,9.142269951142913,C,First,man,True,Cherbourg,yes,True,Middle,small,0
1,1,male,-0.0071884664720878915,0,0,-0.09245863126206343,S,First,man,True,Southampton,yes,True,Youth,small,0
0,1,male,0.4527268528550751,1,0,0.8428289093854506,S,First,man,True,Southampton,no,False,Middle,small,1
1,1,female,-0.6421562767572715,2,2,4.356618999402545,C,First,woman,False,Cherbourg,yes,False,Youth,small,4
0,3,male,-0.4231796508348021,1,0,-0.3585895793685209,S,Third,man,True,Southampton,no,False,Youth,small,1
1,3,male,0.08776580965095956,0,0,-0.5151090398555921,S,Third,man,True,Southampton,yes,True,Middle,small,0
0,1,male,2.93446194664306,1,1,0.6925319350951135,S,First,man,True,Southampton,no,False,Old,small,2
0,3,male,-1.0071173199613868,1,1,-0.279133217164075,S,Third,man,True,Southampton,no,False,Child,small,2
1,2,female,0.014773601010136526,0,0,-0.41794252462967335,S,Second,woman,False,Southampton,yes,True,Youth,small,0
0,1,male,-0.7881406940389174,1,0,0.34981654149039465,S,First,man,True,Southampton,no,False,Youth,small,1
0,3,male,0.08776580965095956,0,0,-0.5184596093461411,Q,Third,man,True,Queenstown,no,True,Middle,small,0
1,2,female,-1.883023823651264,1,1,-0.22648141088402043,S,Second,child,False,Southampton,yes,False,kids,small,2
1,3,male,-1.7370394063696177,0,1,-0.4279942331013202,S,Third,child,False,Southampton,yes,False,kids,small,1
0,3,male,0.23375022693260566,0,0,-0.4849539144406519,S,Third,man,True,Southampton,no,True,Middle,small,0
0,3,male,-0.4961718594756251,0,0,-0.5156681063077294,S,Third,man,True,Southampton,no,True,Youth,small,0
1,2,female,1.3286333565449526,1,2,0.5776552668477216,S,Second,woman,False,Southampton,yes,False,Middle,small,3
1,2,male,-2.1260878784252046,1,1,-0.3892233575678254,S,Second,child,False,Southampton,yes,False,kids,small,2
0,3,male,-0.13121081627150988,0,0,-0.517582717445186,S,Third,man,True,Southampton,no,True,Youth,small,0
1,1,female,0.23375022693260566,0,0,0.9892966614008754,S,First,woman,False,Southampton,yes,True,Middle,small,0
0,3,male,0.817687896059191,0,0,-0.5304259289552444,S,Third,man,True,Southampton,no,True,Middle,small,0
1,3,male,-0.7151484853980944,0,0,-0.5284309041500147,C,Third,man,True,Cherbourg,yes,True,Youth,small,0
1,1,female,0.4527268528550751,1,2,1.6306913924488127,S,First,woman,False,Southampton,yes,False,Middle,small,3
0,3,male,-1.0071173199613868,0,0,-0.517980956561777,S,Third,man,True,Southampton,no,True,Child,small,0
1,1,female,1.5476099824674214,1,0,0.8257563218727508,S,First,woman,False,Southampton,yes,False,Old,small,1
0,1,male,-0.0071884664720878915,0,0,0.09134403793376338,C,First,man,True,Cherbourg,no,True,Youth,small,0
0,3,female,0.051269705330547886,0,0,-0.5184596093461411,Q,Third,woman,False,Queenstown,no,True,Middle,small,0
0,3,male,-0.0071884664720878915,1,0,-0.20446338280327045,Q,Third,man,True,Queenstown,no,False,Youth,small,1
0,3,male,0.1607580182917826,0,0,-0.5067326161292198,S,Third,man,True,Southampton,no,True,Middle,small,0
0,3,male,-0.4231796508348021,0,0,-0.4849539144406519,S,Third,man,True,Southampton,no,True,Youth,small,0
0,3,male,1.3286333565449526,0,0,-0.5164645845409114,S,Third,man,True,Southampton,no,True,Middle,small,0
0,2,female,1.9855632343123604,0,0,-0.46580780306608655,S,Second,woman,False,Southampton,no,True,Old,small,0
1,2,female,1.766586608389891,1,3,-0.22648141088402043,S,Second,woman,False,Southampton,yes,False,Old,small,4
0,3,male,-0.8611329026797405,0,0,-0.5184596093461411,S,Third,man,True,Southampton,no,True,Child,small,0
1,3,female,-1.8100316150104407,0,0,-0.4279942331013202,S,Third,child,False,Southampton,yes,True,kids,small,0
0,3,male,-0.0071884664720878915,0,0,-0.5186989357383232,Q,Third,man,True,Queenstown,no,True,Youth,small,0
1,1,female,0.963672313340837,0,1,3.3794493401231698,S,First,woman,False,Southampton,yes,False,Middle,small,1
1,3,female,-1.226093945883856,0,0,-0.5284309041500147,C,Third,child,False,Cherbourg,yes,True,Child,small,0
1,1,female,-0.9341251113205636,1,0,0.4244863758511993,S,First,woman,False,Southampton,yes,False,Child,small,1
0,1,male,-0.058218607630686516,0,0,-0.09245863126206343,S,First,man,True,Southampton,no,True,Youth,small,0
0,3,male,-0.0071884664720878915,1,2,-0.2178656607654661,S,Third,man,True,Southampton,no,False,Youth,small,3
0,3,male,-0.350187442193979,0,0,-0.5318618873083367,S,Third,man,True,Southampton,no,True,Youth,small,0
0,3,male,-0.350187442193979,0,0,-0.5280326650334237,S,Third,man,True,Southampton,no,True,Youth,small,0
1,3,female,-0.8611329026797405,0,0,-0.5233265508575555,S,Third,woman,False,Southampton,yes,True,Child,small,0
0,3,male,-1.5910549890879713,4,1,-0.10921147871480806,Q,Third,child,False,Queenstown,no,False,kids,small,5
1,3,male,-2.102000449573733,1,2,-0.2729107309673413,S,Third,child,False,Southampton,yes,False,kids,small,3
0,1,male,1.1826489392633066,0,0,0.8495300483665488,C,First,man,True,Cherbourg,no,True,Middle,small,0
0,2,male,-1.0071173199613868,0,0,-0.1690430767603246,S,Second,man,True,Southampton,no,True,Child,small,0
0,1,male,-0.0071884664720878915,0,0,-0.07913676696764095,C,First,man,True,Cherbourg,no,True,Youth,small,0
0,3,male,-0.350187442193979,0,0,-0.5156681063077294,S,Third,man,True,Southampton,no,True,Youth,small,0
0,2,male,0.6717034787775442,0,0,-0.41794252462967335,S,Second,man,True,Southampton,no,True,Middle,small,0
1,1,female,1.4016255651857754,0,0,-0.1703986214456438,S,First,woman,False,Southampton,yes,True,Middle,small,0
1,3,female,0.08776580965095956,0,0,-0.5005905436002593,S,Third,woman,False,Southampton,yes,True,Middle,small,0
0,3,male,0.014773601010136526,0,0,-0.5284309041500147,C,Third,man,True,Cherbourg,no,True,Youth,small,0
0,3,female,0.014773601010136526,1,1,-0.20446338280327045,S,Third,woman,False,Southampton,no,False,Youth,small,2
1,2,female,0.08776580965095956,1,1,-0.1642565489166833,S,Second,woman,False,Southampton,yes,False,Middle,small,2
1,1,male,-1.3720783631655022,1,2,1.6306913924488127,S,First,child,False,Southampton,yes,False,Child,small,3
1,3,male,-2.1443359305854104,0,1,-0.5037802857552619,C,Third,child,False,Cherbourg,yes,False,kids,small,1
1,3,male,-0.20420302491233291,0,0,-0.5332978456614292,S,Third,man,True,Southampton,yes,True,Youth,small,0
0,3,male,0.08776580965095956,0,0,-0.517980956561777,S,Third,man,True,Southampton,no,True,Middle,small,0
0,1,male,0.6717034787775442,0,0,-0.6668419724990221,S,First,man,True,Southampton,no,True,Middle,small,0
0,3,female,-0.8611329026797405,0,0,-0.517980956561777,S,Third,woman,False,Southampton,no,True,Child,small,0
1,1,female,0.23375022693260566,1,0,0.34981654149039465,S,First,woman,False,Southampton,yes,False,Middle,small,1
0,3,male,-0.27719523355315595,0,0,-0.5158270190321383,S,Third,man,True,Southampton,no,True,Youth,small,0
0,3,male,0.6717034787775442,0,0,-0.20446338280327045,S,Third,man,True,Southampton,no,True,Middle,small,0
0,2,male,0.37973464421425174,0,0,-0.46580780306608655,S,Second,man,True,Southampton,no,True,Middle,small,0
0,3,female,-1.7370394063696177,4,2,-0.06804733925949275,S,Third,child,False,Southampton,no,False,kids,small,6
0,3,male,0.051269705330547886,0,0,-0.5127157759337715,S,Third,man,True,Southampton,no,True,Middle,small,0
0,3,female,-0.4961718594756251,0,0,-0.5151090398555921,S,Third,woman,False,Southampton,no,True,Youth,small,0
0,2,male,0.08776580965095956,1,1,0.041644562027666615,C,Second,man,True,Cherbourg,no,False,Middle,small,2
0,3,male,0.963672313340837,0,0,-0.543349554133076,S,Third,man,True,Southampton,no,True,Middle,small,0
0,3,male,-1.4450705718063253,3,2,-0.13266546514865057,S,Third,child,False,Southampton,no,False,kids,small,5
1,1,female,1.6206021911082447,1,1,1.1233194410228324,S,First,woman,False,Southampton,yes,False,Old,small,2
1,3,male,-0.20420302491233291,0,0,-0.5009887827168503,S,Third,man,True,Southampton,yes,True,Youth,small,0
0,1,male,0.5987112701367212,0,0,-0.6668419724990221,S,First,man,True,Southampton,no,True,Middle,small,0
1,3,female,-0.20420302491233291,0,1,-0.4279942331013202,S,Third,woman,False,Southampton,yes,False,Youth,small,1
0,3,male,-2.0290082409329098,4,1,0.09301932267903773,S,Third,child,False,Southampton,no,False,kids,small,5
0,3,male,-0.0071884664720878915,0,0,-0.5337764984457933,Q,Third,man,True,Queenstown,no,True,Youth,small,0
0,3,male,-0.0071884664720878915,0,0,0.4148329064961435,S,Third,man,True,Southampton,no,True,Youth,small,0
1,2,male,-2.102000449573733,0,2,0.041644562027666615,C,Second,child,False,Cherbourg,yes,False,kids,small,2
1,3,male,-0.0071884664720878915,0,0,-0.5184596093461411,Q,Third,man,True,Queenstown,yes,True,Youth,small,0
1,1,female,2.3505242775164756,0,0,0.8648469374662008,S,First,woman,False,Southampton,yes,True,Old,small,0
1,3,female,-1.0801095286022098,1,0,-0.39010024946878047,C,Third,child,False,Cherbourg,yes,False,Child,small,1
1,2,male,-2.114409125042673,1,1,-0.3078523842259229,S,Second,child,False,Southampton,yes,False,kids,small,2
0,3,male,-0.4961718594756251,0,0,-0.5164645845409114,S,Third,man,True,Southampton,no,True,Youth,small,0
0,3,male,-0.8611329026797405,0,0,-0.5079292480901302,S,Third,man,True,Southampton,no,True,Child,small,0
1,1,female,0.6717034787775442,1,1,0.9253161010204904,C,First,woman,False,Cherbourg,yes,False,Middle,small,2
0,3,male,-0.6421562767572715,0,0,-0.5009887827168503,S,Third,man,True,Southampton,no,True,Youth,small,0
1,1,male,-0.0071884664720878915,0,0,-0.0982024646744331,C,First,man,True,Cherbourg,yes,True,Youth,small,0
0,3,male,-0.7151484853980944,0,0,-0.5151090398555921,S,Third,man,True,Southampton,no,True,Youth,small,0
0,2,male,-1.0071173199613868,0,0,-0.46580780306608655,S,Second,man,True,Southampton,no,True,Child,small,0
1,1,female,0.014773601010136526,0,0,-0.07331251988749819,C,First,woman,False,Cherbourg,yes,True,Youth,small,0
0,3,male,0.3432385398938404,0,0,-0.543588880525258,C,Third,man,True,Cherbourg,no,True,Middle,small,0
0,3,male,0.8906801047000137,0,0,-0.5222888316210542,S,Third,man,True,Southampton,no,True,Middle,small,0
0,3,male,0.37973464421425174,0,0,-0.5156681063077294,C,Third,man,True,Cherbourg,no,True,Middle,small,0
0,2,male,-0.13121081627150988,0,1,-0.03502029713836765,S,Second,man,True,Southampton,no,False,Youth,small,1
1,1,female,-0.0071884664720878915,1,0,1.0391569646425183,C,First,woman,False,Cherbourg,yes,False,Youth,small,1
0,3,male,-1.883023823651264,4,2,-0.06804733925949275,S,Third,child,False,Southampton,no,False,kids,small,6
0,3,male,3.226430781206353,0,0,-0.517980956561777,S,Third,man,True,Southampton,no,True,Old,small,0
0,3,female,-1.5180627804471483,1,1,-0.37494418770467464,C,Third,child,False,Cherbourg,no,False,kids,small,2
1,1,female,-1.0071173199613868,0,1,0.08751481565885018,S,First,woman,False,Southampton,yes,False,Child,small,1
0,2,female,1.0366645219816597,1,0,-0.1690430767603246,S,Second,woman,False,Southampton,no,False,Middle,small,1
1,3,female,-0.8611329026797405,0,1,-0.48782583114683664,S,Third,woman,False,Southampton,yes,False,Child,small,1
1,1,female,1.1096567306224832,1,1,2.489714227658021,S,First,woman,False,Southampton,yes,False,Middle,small,2
1,1,male,1.5476099824674214,0,0,-0.1585127155043137,S,First,man,True,Southampton,yes,True,Old,small,0
1,3,female,-0.4231796508348021,0,3,-0.29812041581423143,C,Third,woman,False,Cherbourg,yes,False,Youth,small,3
0,3,male,0.817687896059191,2,0,-0.3967228893932427,S,Third,man,True,Southampton,no,False,Middle,small,2
0,2,male,-0.6421562767572715,1,0,-0.44666169169152126,S,Second,man,True,Southampton,no,False,Youth,small,1
1,1,female,1.3286333565449526,0,0,-0.1703986214456438,S,First,woman,False,Southampton,yes,True,Middle,small,0
0,2,male,-0.4231796508348021,0,0,-0.41794252462967335,S,Second,man,True,Southampton,no,True,Youth,small,0
1,2,female,0.8906801047000137,0,0,-0.41794252462967335,S,Second,woman,False,Southampton,yes,True,Middle,small,0
1,2,female,-0.20420302491233291,1,0,-0.40150941723688394,C,Second,woman,False,Cherbourg,yes,False,Youth,small,1
0,1,male,0.08776580965095956,0,0,0.29995623824875184,S,First,man,True,Southampton,no,True,Middle,small,0
0,3,male,-0.0071884664720878915,0,0,-0.4849539144406519,S,Third,man,True,Southampton,no,True,Youth,small,0
1,3,male,-1.883023823651264,1,1,-0.45368257073257434,S,Third,child,False,Southampton,yes,False,kids,small,2
1,1,female,1.2556411479041292,1,1,0.33936659390215695,S,First,woman,False,Southampton,yes,False,Middle,small,2
0,1,male,0.23375022693260566,0,0,-0.5711114156261957,S,First,man,True,Southampton,no,True,Middle,small,0
0,3,male,1.2556411479041292,0,0,-0.49452697012793445,S,Third,man,True,Southampton,no,True,Middle,small,0
1,2,female,-0.13121081627150988,1,0,-0.2073352995094552,C,Second,woman,False,Cherbourg,yes,False,Youth,small,1
1,3,female,-1.0801095286022098,0,0,-0.5285113178177879,C,Third,child,False,Cherbourg,yes,True,Child,small,0
0,3,male,-0.7151484853980944,0,0,-0.47833318912732714,S,Third,man,True,Southampton,no,True,Youth,small,0
1,1,female,1.912571025671537,0,1,0.9253161010204904,C,First,woman,False,Cherbourg,yes,False,Old,small,1
1,2,female,-0.350187442193979,0,1,-0.1690430767603246,S,Second,woman,False,Southampton,yes,False,Youth,small,1
0,3,male,0.23375022693260566,0,0,-0.5156681063077294,S,Third,man,True,Southampton,no,True,Middle,small,0
0,3,female,-0.5691640681164485,0,0,-0.46548806300613127,S,Third,woman,False,Southampton,no,True,Youth,small,0
0,2,male,-0.13121081627150988,0,0,-0.46580780306608655,S,Second,man,True,Southampton,no,True,Youth,small,0
0,3,female,0.6717034787775442,0,5,-0.10921147871480806,Q,Third,woman,False,Queenstown,no,False,Middle,small,5
1,1,female,-0.7881406940389174,0,0,-0.09245863126206343,S,First,woman,False,Southampton,yes,True,Youth,small,0
0,3,female,-0.0071884664720878915,1,2,-0.2178656607654661,S,Third,woman,False,Southampton,no,False,Youth,small,3
1,1,male,-0.27719523355315595,0,0,-0.09245863126206343,C,First,man,True,Cherbourg,yes,True,Youth,small,0
0,3,male,0.1607580182917826,0,0,-0.5184596093461411,Q,Third,man,True,Queenstown,no,True,Middle,small,0
